2025-03-23 15:56:45,547 INFO  [org.jboss.as.server.deployment.scanner] (MSC service thread 1-3) WFLYDS0013: Started FileSystemDeploymentService for directory /Users/jackjibb/eclipse-workspace/Bank/Wildfly-server/standalone/deployments
2025-03-23 15:56:45,556 INFO  [org.wildfly.iiop.openjdk] (MSC service thread 1-4) WFLYIIOP0009: CORBA ORB Service started
2025-03-23 15:56:45,572 INFO  [org.wildfly.extension.messaging-activemq] (MSC service thread 1-1) WFLYMSGAMQ0001: AIO wasn't located on this platform, it will fall back to using pure Java NIO.
2025-03-23 15:56:45,631 INFO  [org.jboss.ws.common.management] (MSC service thread 1-6) JBWS022052: Starting JBossWS 7.1.0.Final (Apache CXF 4.0.5) 
2025-03-23 15:56:45,659 INFO  [org.apache.activemq.artemis.core.server] (ServerService Thread Pool -- 82) AMQ221000: Primary message broker is starting with configuration Broker Configuration (clustered=false,journalDirectory=/Users/jackjibb/eclipse-workspace/Bank/Wildfly-server/standalone/data/activemq/journal,bindingsDirectory=/Users/jackjibb/eclipse-workspace/Bank/Wildfly-server/standalone/data/activemq/bindings,largeMessagesDirectory=/Users/jackjibb/eclipse-workspace/Bank/Wildfly-server/standalone/data/activemq/largemessages,pagingDirectory=/Users/jackjibb/eclipse-workspace/Bank/Wildfly-server/standalone/data/activemq/paging)
2025-03-23 15:56:45,698 INFO  [org.apache.activemq.artemis.core.server] (ServerService Thread Pool -- 82) AMQ221013: Using NIO Journal
2025-03-23 15:56:45,810 INFO  [org.apache.activemq.artemis.core.server] (ServerService Thread Pool -- 82) AMQ221043: Protocol module found: [artemis-server]. Adding protocol support for: CORE
2025-03-23 15:56:45,811 INFO  [org.apache.activemq.artemis.core.server] (ServerService Thread Pool -- 82) AMQ221043: Protocol module found: [artemis-amqp-protocol]. Adding protocol support for: AMQP
2025-03-23 15:56:45,811 INFO  [org.apache.activemq.artemis.core.server] (ServerService Thread Pool -- 82) AMQ221043: Protocol module found: [artemis-hornetq-protocol]. Adding protocol support for: HORNETQ
2025-03-23 15:56:45,812 INFO  [org.apache.activemq.artemis.core.server] (ServerService Thread Pool -- 82) AMQ221043: Protocol module found: [artemis-stomp-protocol]. Adding protocol support for: STOMP
2025-03-23 15:56:45,882 INFO  [org.apache.activemq.artemis.core.server] (ServerService Thread Pool -- 82) AMQ221034: Waiting indefinitely to obtain primary lock
2025-03-23 15:56:45,883 INFO  [org.apache.activemq.artemis.core.server] (ServerService Thread Pool -- 82) AMQ221035: Primary Server Obtained primary lock
2025-03-23 15:56:46,138 WARN  [org.jboss.as.server.deployment] (MSC service thread 1-2) WFLYSRV0293: The 'javax.servlet.jsp.api' module alias has been added as a dependency to 'Bank.war' deployment via jboss-deployment-structure.xml. While this is allowed, it is recommended to use its target module instead. Consider replacing this alias with its target module 'jakarta.servlet.jsp.api'.
2025-03-23 15:56:46,387 INFO  [org.apache.activemq.artemis.core.server] (ServerService Thread Pool -- 82) AMQ221003: Deploying ANYCAST queue jms.queue.ExpiryQueue on address jms.queue.ExpiryQueue
2025-03-23 15:56:46,394 INFO  [org.apache.activemq.artemis.core.server] (ServerService Thread Pool -- 82) AMQ221003: Deploying ANYCAST queue jms.queue.DLQ on address jms.queue.DLQ
2025-03-23 15:56:46,462 INFO  [org.jboss.as.jpa] (MSC service thread 1-2) WFLYJPA0002: Read persistence.xml for Bank
2025-03-23 15:56:46,544 INFO  [org.wildfly.extension.messaging-activemq] (MSC service thread 1-4) WFLYMSGAMQ0016: Registered HTTP upgrade for activemq-remoting protocol handled by http-acceptor acceptor
2025-03-23 15:56:46,544 INFO  [org.wildfly.extension.messaging-activemq] (MSC service thread 1-7) WFLYMSGAMQ0016: Registered HTTP upgrade for activemq-remoting protocol handled by http-acceptor acceptor
2025-03-23 15:56:46,544 INFO  [org.wildfly.extension.messaging-activemq] (MSC service thread 1-1) WFLYMSGAMQ0016: Registered HTTP upgrade for activemq-remoting protocol handled by http-acceptor-throughput acceptor
2025-03-23 15:56:46,544 INFO  [org.wildfly.extension.messaging-activemq] (MSC service thread 1-8) WFLYMSGAMQ0016: Registered HTTP upgrade for activemq-remoting protocol handled by http-acceptor-throughput acceptor
2025-03-23 15:56:46,567 INFO  [org.jipijapa] (MSC service thread 1-2) JIPIORMV6020260: Second level cache enabled for Bank.war#Bank
2025-03-23 15:56:46,748 INFO  [org.jboss.weld.deployer] (MSC service thread 1-4) WFLYWELD0003: Processing weld deployment Bank.war
2025-03-23 15:56:46,858 INFO  [org.hibernate.validator.internal.util.Version] (MSC service thread 1-4) HV000001: Hibernate Validator 8.0.1.Final
2025-03-23 15:56:47,001 INFO  [org.jboss.as.ejb3.deployment] (MSC service thread 1-4) WFLYEJB0473: JNDI bindings for session bean named 'BankDAO' in deployment unit 'deployment "Bank.war"' are as follows:

	java:global/Bank/BankDAO!com.bank.dao.BankDAO
	java:app/Bank/BankDAO!com.bank.dao.BankDAO
	java:module/BankDAO!com.bank.dao.BankDAO
	java:global/Bank/BankDAO
	java:app/Bank/BankDAO
	java:module/BankDAO

2025-03-23 15:56:47,053 INFO  [org.apache.activemq.artemis.core.server] (ServerService Thread Pool -- 82) AMQ221007: Server is now active
2025-03-23 15:56:47,053 INFO  [org.apache.activemq.artemis.core.server] (ServerService Thread Pool -- 82) AMQ221001: Apache ActiveMQ Artemis Message Broker version 2.35.0 [default, nodeID=75b34986-f80a-11ef-9410-a07817ada456] 
2025-03-23 15:56:47,073 INFO  [org.wildfly.extension.messaging-activemq] (ServerService Thread Pool -- 86) WFLYMSGAMQ0002: Bound messaging object to jndi name java:jboss/exported/jms/RemoteConnectionFactory
2025-03-23 15:56:47,074 INFO  [org.wildfly.extension.messaging-activemq] (ServerService Thread Pool -- 85) WFLYMSGAMQ0002: Bound messaging object to jndi name java:/ConnectionFactory
2025-03-23 15:56:47,118 INFO  [org.infinispan.CONTAINER] (ServerService Thread Pool -- 83) ISPN000556: Starting user marshaller 'org.wildfly.clustering.infinispan.marshalling.jboss.JBossMarshaller'
2025-03-23 15:56:47,126 INFO  [org.jboss.as.connector.deployment] (MSC service thread 1-1) WFLYJCA0007: Registered connection factory java:/JmsXA
2025-03-23 15:56:47,175 INFO  [org.apache.activemq.artemis.ra.ActiveMQRALogger] (MSC service thread 1-1) AMQ151007: Resource adaptor started
2025-03-23 15:56:47,175 INFO  [org.jboss.as.connector.services.resourceadapters.ResourceAdapterActivatorService$ResourceAdapterActivator] (MSC service thread 1-1) IJ020002: Deployed: file://RaActivatoractivemq-ra
2025-03-23 15:56:47,177 INFO  [org.jboss.as.connector.deployment] (MSC service thread 1-6) WFLYJCA0002: Bound Jakarta Connectors ConnectionFactory [java:/JmsXA]
2025-03-23 15:56:47,177 INFO  [org.jboss.as.connector.deployment] (MSC service thread 1-4) WFLYJCA0118: Binding connection factory named java:/JmsXA to alias java:jboss/DefaultJMSConnectionFactory
2025-03-23 15:56:47,240 INFO  [org.jipijapa] (MSC service thread 1-5) JIPIORMV6020260: Second level cache enabled for Bank.war#Bank
2025-03-23 15:56:47,308 INFO  [org.jboss.weld.Version] (MSC service thread 1-5) WELD-000900: 5.1.2 (Final)
2025-03-23 15:56:47,561 INFO  [org.jboss.as.jpa] (ServerService Thread Pool -- 83) WFLYJPA0010: Starting Persistence Unit (phase 1 of 2) Service 'Bank.war#Bank'
2025-03-23 15:56:47,575 INFO  [org.hibernate.jpa.internal.util.LogHelper] (ServerService Thread Pool -- 83) HHH000204: Processing PersistenceUnitInfo [name: Bank]
2025-03-23 15:56:47,624 INFO  [org.hibernate.Version] (ServerService Thread Pool -- 83) HHH000412: Hibernate ORM core version 6.4.4.Final
2025-03-23 15:56:47,937 INFO  [org.hibernate.cache.internal.RegionFactoryInitiator] (ServerService Thread Pool -- 83) HHH000025: Second-level cache region factory [org.infinispan.hibernate.cache.v62.InfinispanRegionFactory]
2025-03-23 15:56:47,981 INFO  [org.hibernate.envers.boot.internal.EnversServiceImpl] (ServerService Thread Pool -- 83) Envers integration enabled? : true
2025-03-23 15:56:48,093 INFO  [org.jboss.as.jpa] (ServerService Thread Pool -- 83) WFLYJPA0010: Starting Persistence Unit (phase 2 of 2) Service 'Bank.war#Bank'
2025-03-23 15:56:49,192 WARN  [org.wildfly.extension.undertow] (MSC service thread 1-3) WFLYUT0101: Duplicate servlet mapping /Controller found
2025-03-23 15:56:49,480 INFO  [org.jboss.resteasy.resteasy_jaxrs.i18n] (ServerService Thread Pool -- 98) RESTEASY002225: Deploying jakarta.ws.rs.core.Application: class com.bank.rest.RestApplication
2025-03-23 15:56:49,512 INFO  [org.wildfly.extension.undertow] (ServerService Thread Pool -- 98) WFLYUT0021: Registered web context: '/Bank' for server 'default-server'
2025-03-23 15:56:49,557 INFO  [org.jboss.as.server] (ServerService Thread Pool -- 47) WFLYSRV0010: Deployed "Bank.war" (runtime-name : "Bank.war")
2025-03-23 15:56:49,591 INFO  [org.jboss.as.server] (Controller Boot Thread) WFLYSRV0212: Resuming server
2025-03-23 15:56:49,595 INFO  [org.jboss.as] (Controller Boot Thread) WFLYSRV0060: Http management interface listening on http://127.0.0.1:9990/management
2025-03-23 15:56:49,595 INFO  [org.jboss.as] (Controller Boot Thread) WFLYSRV0051: Admin console listening on http://127.0.0.1:9990
2025-03-23 15:56:49,597 INFO  [org.jboss.as] (Controller Boot Thread) WFLYSRV0025: WildFly 33.0.2.Final (WildFly Core 25.0.2.Final) started in 6795ms - Started 863 of 1073 services (341 services are lazy, passive or on-demand) - Server configuration file in use: standalone-full.xml - Minimum feature stability level: community
2025-03-23 15:57:05,295 INFO  [org.jboss.as.server] (management-handler-thread - 1) WFLYSRV0272: Suspending server
2025-03-23 15:57:05,297 INFO  [org.jboss.as.ejb3] (management-handler-thread - 1) WFLYEJB0493: Jakarta Enterprise Beans subsystem suspension complete
2025-03-23 15:57:05,299 INFO  [org.jboss.as.server] (Management Triggered Shutdown) WFLYSRV0241: Shutting down in response to management operation 'shutdown'
2025-03-23 15:57:05,317 INFO  [org.wildfly.extension.undertow] (ServerService Thread Pool -- 98) WFLYUT0022: Unregistered web context: '/Bank' from server 'default-server'
2025-03-23 15:57:05,326 INFO  [org.jboss.as.mail.extension] (MSC service thread 1-8) WFLYMAIL0002: Unbound mail session [java:jboss/mail/Default]
2025-03-23 15:57:05,326 INFO  [org.wildfly.extension.messaging-activemq] (MSC service thread 1-6) WFLYMSGAMQ0006: Unbound messaging object to jndi name java:jboss/exported/jms/RemoteConnectionFactory
2025-03-23 15:57:05,335 INFO  [org.wildfly.extension.undertow] (MSC service thread 1-8) WFLYUT0019: Host default-host stopping
2025-03-23 15:57:05,345 INFO  [org.jboss.as.connector.deployment] (MSC service thread 1-4) WFLYJCA0119: Unbinding connection factory named java:/JmsXA to alias java:jboss/DefaultJMSConnectionFactory
2025-03-23 15:57:05,346 INFO  [org.jboss.as.jpa] (ServerService Thread Pool -- 74) WFLYJPA0011: Stopping Persistence Unit (phase 2 of 2) Service 'Bank.war#Bank'
2025-03-23 15:57:05,345 INFO  [org.jboss.as.connector.deployment] (MSC service thread 1-5) WFLYJCA0011: Unbound Jakarta Connectors ConnectionFactory [java:/JmsXA]
2025-03-23 15:57:05,347 INFO  [org.jboss.as.connector.subsystems.datasources] (MSC service thread 1-8) WFLYJCA0010: Unbound data source [java:jboss/datasources/ExampleDS]
2025-03-23 15:57:05,348 INFO  [org.jboss.as.connector.deployers.jdbc] (MSC service thread 1-4) WFLYJCA0019: Stopped Driver service with driver-name = h2
2025-03-23 15:57:05,349 INFO  [org.hibernate.orm.beans] (ServerService Thread Pool -- 74) HHH10005004: Stopping BeanContainer : org.hibernate.resource.beans.container.internal.CdiBeanContainerExtendedAccessImpl@724d084b
2025-03-23 15:57:05,351 INFO  [org.jboss.as.jpa] (ServerService Thread Pool -- 74) WFLYJPA0011: Stopping Persistence Unit (phase 1 of 2) Service 'Bank.war#Bank'
2025-03-23 15:57:05,352 INFO  [org.jboss.as.connector.subsystems.datasources] (MSC service thread 1-5) WFLYJCA0010: Unbound data source [java:/BankDS]
2025-03-23 15:57:05,362 INFO  [org.apache.activemq.artemis.ra.ActiveMQRALogger] (ServerService Thread Pool -- 16) AMQ151003: resource adaptor stopped
2025-03-23 15:57:05,372 INFO  [org.jboss.as.connector.deployers.jdbc] (MSC service thread 1-1) WFLYJCA0019: Stopped Driver service with driver-name = mysql
2025-03-23 15:57:05,376 INFO  [org.wildfly.extension.undertow] (MSC service thread 1-6) WFLYUT0008: Undertow HTTPS listener https suspending
2025-03-23 15:57:05,379 INFO  [org.wildfly.extension.undertow] (MSC service thread 1-6) WFLYUT0007: Undertow HTTPS listener https stopped, was bound to 127.0.0.1:8443
2025-03-23 15:57:05,381 INFO  [org.jboss.as.server.deployment] (MSC service thread 1-6) WFLYSRV0028: Stopped deployment Bank.war (runtime-name: Bank.war) in 76ms
2025-03-23 15:57:05,531 INFO  [org.apache.activemq.artemis.core.server] (ServerService Thread Pool -- 74) AMQ221002: Apache ActiveMQ Artemis Message Broker version 2.35.0 [75b34986-f80a-11ef-9410-a07817ada456] stopped, uptime 19.886 seconds
2025-03-23 15:57:05,532 INFO  [org.wildfly.extension.undertow] (MSC service thread 1-3) WFLYUT0008: Undertow HTTP listener default suspending
2025-03-23 15:57:05,533 INFO  [org.wildfly.extension.undertow] (MSC service thread 1-3) WFLYUT0007: Undertow HTTP listener default stopped, was bound to 127.0.0.1:8080
2025-03-23 15:57:05,535 INFO  [org.wildfly.extension.undertow] (MSC service thread 1-4) WFLYUT0004: Undertow 2.3.17.Final stopping
2025-03-23 15:57:05,543 INFO  [org.jboss.as] (MSC service thread 1-7) WFLYSRV0050: WildFly 33.0.2.Final (WildFly Core 25.0.2.Final) stopped in 237ms
2025-03-23 15:57:06,078 INFO  [org.jboss.modules] (main) JBoss Modules version 2.1.5.Final
2025-03-23 15:57:06,563 INFO  [org.jboss.msc] (main) JBoss MSC version 1.5.5.Final
2025-03-23 15:57:06,576 INFO  [org.jboss.threads] (main) JBoss Threads version 2.4.0.Final
2025-03-23 15:57:06,696 INFO  [org.jboss.as] (MSC service thread 1-2) WFLYSRV0049: WildFly 33.0.2.Final (WildFly Core 25.0.2.Final) starting
2025-03-23 15:57:06,698 DEBUG [org.jboss.as.config] (MSC service thread 1-2) Configured system properties:
	apple.awt.application.name = Main
	file.encoding = UTF-8
	file.separator = /
	ftp.nonProxyHosts = local|*.local|169.254/16|*.169.254/16
	http.nonProxyHosts = local|*.local|169.254/16|*.169.254/16
	java.awt.headless = true
	java.class.path = /Users/jackjibb/eclipse-workspace/Wildfly/jboss-modules.jar:/Users/jackjibb/eclipse-workspace/Bank/Wildfly-server/jboss-modules.jar
	java.class.version = 62.0
	java.home = /Library/Java/JavaVirtualMachines/zulu-18.jdk/Contents/Home
	java.io.tmpdir = /var/folders/kn/_m2djrs12bg8k46fvk4ljblm0000gn/T/
	java.library.path = /Users/jackjibb/Library/Java/Extensions:/Library/Java/Extensions:/Network/Library/Java/Extensions:/System/Library/Java/Extensions:/usr/lib/java:.
	java.net.preferIPv4Stack = true
	java.runtime.name = OpenJDK Runtime Environment
	java.runtime.version = 18.0.2.1+1
	java.specification.name = Java Platform API Specification
	java.specification.vendor = Oracle Corporation
	java.specification.version = 18
	java.util.logging.manager = org.jboss.logmanager.LogManager
	java.vendor = Azul Systems, Inc.
	java.vendor.url = http://www.azul.com/
	java.vendor.url.bug = http://www.azul.com/support/
	java.vendor.version = Zulu18.32+13-CA
	java.version = 18.0.2.1
	java.version.date = 2022-08-18
	java.vm.compressedOopsMode = Zero based
	java.vm.info = mixed mode, sharing
	java.vm.name = OpenJDK 64-Bit Server VM
	java.vm.specification.name = Java Virtual Machine Specification
	java.vm.specification.vendor = Oracle Corporation
	java.vm.specification.version = 18
	java.vm.vendor = Azul Systems, Inc.
	java.vm.version = 18.0.2.1+1
	javax.management.builder.initial = org.jboss.as.jmx.PluggableMBeanServerBuilder
	jboss.bind.address = localhost
	jboss.bind.address.management = localhost
	jboss.home.dir = /Users/jackjibb/eclipse-workspace/Bank/Wildfly-server
	jboss.host.name = jacks-macbook-pro
	jboss.modules.system.pkgs = org.jboss.byteman
	jboss.node.name = jacks-macbook-pro
	jboss.qualified.host.name = jacks-macbook-pro.local
	jboss.server.base.dir = /Users/jackjibb/eclipse-workspace/Bank/Wildfly-server/standalone
	jboss.server.config.dir = /Users/jackjibb/eclipse-workspace/Bank/Wildfly-server/standalone/configuration
	jboss.server.data.dir = /Users/jackjibb/eclipse-workspace/Bank/Wildfly-server/standalone/data
	jboss.server.log.dir = /Users/jackjibb/eclipse-workspace/Bank/Wildfly-server/standalone/log
	jboss.server.name = jacks-macbook-pro
	jboss.server.persist.config = true
	jboss.server.temp.dir = /Users/jackjibb/eclipse-workspace/Bank/Wildfly-server/standalone/tmp
	jdk.debug = release
	line.separator = 

	logging.configuration = file:/Users/jackjibb/eclipse-workspace/Bank/Wildfly-server/standalone/configuration/logging.properties
	module.path = /Users/jackjibb/eclipse-workspace/Bank/Wildfly-server/modules
	native.encoding = UTF-8
	org.jboss.boot.log.file = /Users/jackjibb/eclipse-workspace/Bank/Wildfly-server/standalone/log/boot.log
	org.jboss.logmanager.nocolor = true
	org.jboss.resolver.warning = true
	os.arch = aarch64
	os.name = Mac OS X
	os.version = 15.1.1
	path.separator = :
	program.name = JBossTools: WildFly 27+
	socksNonProxyHosts = local|*.local|169.254/16|*.169.254/16
	stderr.encoding = UTF-8
	stdout.encoding = UTF-8
	sun.arch.data.model = 64
	sun.boot.library.path = /Library/Java/JavaVirtualMachines/zulu-18.jdk/Contents/Home/lib
	sun.cpu.endian = little
	sun.io.unicode.encoding = UnicodeBig
	sun.java.command = org.jboss.modules.Main -mp /Users/jackjibb/eclipse-workspace/Bank/Wildfly-server/modules org.jboss.as.standalone -b localhost --server-config=standalone-full.xml -Djboss.server.base.dir=/Users/jackjibb/eclipse-workspace/Bank/Wildfly-server/standalone
	sun.java.launcher = SUN_STANDARD
	sun.jnu.encoding = UTF-8
	sun.management.compiler = HotSpot 64-Bit Tiered Compilers
	sun.rmi.dgc.client.gcInterval = 3600000
	sun.rmi.dgc.server.gcInterval = 3600000
	user.country = GB
	user.dir = /Users/jackjibb/eclipse-workspace/Bank/Wildfly-server/bin
	user.home = /Users/jackjibb
	user.language = en
	user.name = jackjibb
	user.timezone = Europe/London
2025-03-23 15:57:06,699 DEBUG [org.jboss.as.config] (MSC service thread 1-2) VM Arguments: -Dprogram.name=JBossTools: WildFly 27+ -Xms1303m -Xmx1303m -XX:MetaspaceSize=96M -XX:MaxMetaspaceSize=256m -Dorg.jboss.resolver.warning=true -Djava.net.preferIPv4Stack=true -Dsun.rmi.dgc.client.gcInterval=3600000 -Dsun.rmi.dgc.server.gcInterval=3600000 -Djboss.modules.system.pkgs=org.jboss.byteman -Djava.awt.headless=true -Dorg.jboss.boot.log.file=/Users/jackjibb/eclipse-workspace/Bank/Wildfly-server/standalone/log/boot.log -Dlogging.configuration=file:/Users/jackjibb/eclipse-workspace/Bank/Wildfly-server/standalone/configuration/logging.properties -Djboss.home.dir=/Users/jackjibb/eclipse-workspace/Bank/Wildfly-server -Dorg.jboss.logmanager.nocolor=true --add-exports=java.desktop/sun.awt=ALL-UNNAMED --add-exports=java.naming/com.sun.jndi.ldap=ALL-UNNAMED --add-opens=java.base/java.lang=ALL-UNNAMED --add-opens=java.base/java.lang.invoke=ALL-UNNAMED --add-opens=java.base/java.lang.reflect=ALL-UNNAMED --add-opens=java.base/java.io=ALL-UNNAMED --add-opens=java.base/java.security=ALL-UNNAMED --add-opens=java.base/java.util=ALL-UNNAMED --add-opens=java.base/java.util.concurrent=ALL-UNNAMED --add-opens=java.management/javax.management=ALL-UNNAMED --add-opens=java.naming/javax.naming=ALL-UNNAMED --add-exports=java.base/sun.nio.ch=ALL-UNNAMED --add-exports=jdk.unsupported/sun.misc=ALL-UNNAMED --add-exports=jdk.unsupported/sun.reflect=ALL-UNNAMED --add-modules=java.se -Djboss.bind.address.management=localhost -Dfile.encoding=UTF-8 -Dstdout.encoding=UTF-8 -Dstderr.encoding=UTF-8 -XX:+ShowCodeDetailsInExceptionMessages 
2025-03-23 15:57:07,594 INFO  [org.wildfly.security] (Controller Boot Thread) ELY00001: WildFly Elytron version 2.5.2.Final
2025-03-23 15:57:07,909 INFO  [org.jboss.as.server.deployment.scanner] (DeploymentScanner-threads - 1) WFLYDS0004: Found Bank.war in deployment directory. To trigger deployment create a file called Bank.war.dodeploy
2025-03-23 15:57:07,950 INFO  [org.jboss.as.server] (Controller Boot Thread) WFLYSRV0039: Creating http management service using socket-binding (management-http)
2025-03-23 15:57:07,960 INFO  [org.xnio] (MSC service thread 1-7) XNIO version 3.8.16.Final
2025-03-23 15:57:07,965 INFO  [org.xnio.nio] (MSC service thread 1-7) XNIO NIO Implementation Version 3.8.16.Final
2025-03-23 15:57:07,997 INFO  [org.wildfly.extension.elytron.oidc._private] (ServerService Thread Pool -- 55) WFLYOIDC0001: Activating WildFly Elytron OIDC Subsystem
2025-03-23 15:57:08,002 INFO  [org.wildfly.iiop.openjdk] (ServerService Thread Pool -- 57) WFLYIIOP0001: Activating IIOP Subsystem
2025-03-23 15:57:08,005 INFO  [org.jboss.as.clustering.infinispan] (ServerService Thread Pool -- 58) WFLYCLINF0001: Activating Infinispan subsystem.
2025-03-23 15:57:08,010 INFO  [org.wildfly.extension.health] (ServerService Thread Pool -- 56) WFLYHEALTH0001: Activating Base Health Subsystem
2025-03-23 15:57:08,015 INFO  [org.jboss.as.jaxrs] (ServerService Thread Pool -- 60) WFLYRS0016: RESTEasy version 6.2.10.Final
2025-03-23 15:57:08,016 INFO  [org.jboss.as.server.deployment] (MSC service thread 1-3) WFLYSRV0027: Starting deployment of "Bank.war" (runtime-name: "Bank.war")
2025-03-23 15:57:08,020 INFO  [org.wildfly.extension.microprofile.config.smallrye] (ServerService Thread Pool -- 69) WFLYCONF0001: Activating MicroProfile Config Subsystem
2025-03-23 15:57:08,026 INFO  [org.jboss.as.connector] (MSC service thread 1-8) WFLYJCA0009: Starting Jakarta Connectors Subsystem (WildFly/IronJacamar 3.0.9.Final)
2025-03-23 15:57:08,028 INFO  [org.wildfly.extension.microprofile.jwt.smallrye] (ServerService Thread Pool -- 70) WFLYJWT0001: Activating MicroProfile JWT Subsystem
2025-03-23 15:57:08,029 INFO  [org.jboss.as.connector.subsystems.datasources] (ServerService Thread Pool -- 46) WFLYJCA0004: Deploying JDBC-compliant driver class org.h2.Driver (version 2.2)
2025-03-23 15:57:08,031 INFO  [org.wildfly.extension.io] (ServerService Thread Pool -- 59) WFLYIO001: Worker 'default' has auto-configured to 16 IO threads with 128 max task threads based on your 8 available processors
2025-03-23 15:57:08,032 WARN  [org.jboss.as.txn] (ServerService Thread Pool -- 78) WFLYTX0013: The node-identifier attribute on the /subsystem=transactions is set to the default value. This is a danger for environments running multiple servers. Please make sure the attribute value is unique.
2025-03-23 15:57:08,037 INFO  [org.jboss.as.connector.deployers.jdbc] (MSC service thread 1-8) WFLYJCA0018: Started Driver service with driver-name = h2
2025-03-23 15:57:08,037 INFO  [org.wildfly.extension.metrics] (ServerService Thread Pool -- 68) WFLYMETRICS0001: Activating Base Metrics Subsystem
2025-03-23 15:57:08,038 INFO  [org.jboss.as.jsf] (ServerService Thread Pool -- 65) WFLYJSF0007: Activated the following Jakarta Server Faces Implementations: [main]
2025-03-23 15:57:08,041 INFO  [org.jboss.remoting] (MSC service thread 1-7) JBoss Remoting version 5.0.29.Final
2025-03-23 15:57:08,045 INFO  [org.jboss.as.webservices] (ServerService Thread Pool -- 80) WFLYWS0002: Activating WebServices Extension
2025-03-23 15:57:08,050 INFO  [org.jboss.as.naming] (ServerService Thread Pool -- 71) WFLYNAM0001: Activating Naming Subsystem
2025-03-23 15:57:08,071 INFO  [org.jboss.as.connector.subsystems.datasources] (ServerService Thread Pool -- 46) WFLYJCA0005: Deploying non-JDBC-compliant driver class com.mysql.cj.jdbc.Driver (version 8.0)
2025-03-23 15:57:08,074 INFO  [org.jboss.as.connector.deployers.jdbc] (MSC service thread 1-3) WFLYJCA0018: Started Driver service with driver-name = mysql
2025-03-23 15:57:08,096 INFO  [org.jboss.as.naming] (MSC service thread 1-1) WFLYNAM0003: Starting Naming Service
2025-03-23 15:57:08,099 INFO  [org.jboss.as.mail.extension] (MSC service thread 1-2) WFLYMAIL0001: Bound mail session [java:jboss/mail/Default]
2025-03-23 15:57:08,123 WARN  [org.wildfly.extension.elytron] (MSC service thread 1-1) WFLYELY00023: KeyStore file '/Users/jackjibb/eclipse-workspace/Bank/Wildfly-server/standalone/configuration/application.keystore' does not exist. Used blank.
2025-03-23 15:57:08,124 INFO  [org.wildfly.extension.undertow] (MSC service thread 1-4) WFLYUT0003: Undertow 2.3.17.Final starting
2025-03-23 15:57:08,149 INFO  [org.jboss.as.ejb3] (MSC service thread 1-8) WFLYEJB0481: Strict pool slsb-strict-max-pool is using a max instance size of 128 (per class), which is derived from thread worker pool sizing.
2025-03-23 15:57:08,150 INFO  [org.jboss.as.ejb3] (MSC service thread 1-2) WFLYEJB0482: Strict pool mdb-strict-max-pool is using a max instance size of 32 (per class), which is derived from the number of CPUs on this host.
2025-03-23 15:57:08,152 WARN  [org.wildfly.extension.elytron] (MSC service thread 1-4) WFLYELY01084: KeyStore /Users/jackjibb/eclipse-workspace/Bank/Wildfly-server/standalone/configuration/application.keystore not found, it will be auto-generated on first use with a self-signed certificate for host localhost
2025-03-23 15:57:08,190 INFO  [org.wildfly.extension.undertow] (ServerService Thread Pool -- 79) WFLYUT0014: Creating file handler for path '/Users/jackjibb/eclipse-workspace/Bank/Wildfly-server/welcome-content' with options [directory-listing: 'false', follow-symlink: 'false', case-sensitive: 'true', safe-symlink-paths: '[]']
2025-03-23 15:57:08,202 INFO  [org.wildfly.extension.undertow] (MSC service thread 1-5) WFLYUT0012: Started server default-server.
2025-03-23 15:57:08,204 INFO  [org.wildfly.extension.undertow] (MSC service thread 1-8) Queuing requests.
2025-03-23 15:57:08,205 INFO  [org.wildfly.extension.undertow] (MSC service thread 1-8) WFLYUT0018: Host default-host starting
2025-03-23 15:57:08,279 INFO  [org.wildfly.extension.undertow] (MSC service thread 1-6) WFLYUT0006: Undertow HTTP listener default listening on 127.0.0.1:8080
2025-03-23 15:57:08,297 INFO  [org.jboss.as.ejb3] (MSC service thread 1-6) WFLYEJB0493: Jakarta Enterprise Beans subsystem suspension complete
2025-03-23 15:57:08,344 INFO  [org.jboss.as.connector.subsystems.datasources] (MSC service thread 1-6) WFLYJCA0001: Bound data source [java:/BankDS]
2025-03-23 15:57:08,345 INFO  [org.jboss.as.connector.subsystems.datasources] (MSC service thread 1-8) WFLYJCA0001: Bound data source [java:jboss/datasources/ExampleDS]
2025-03-23 15:57:08,352 INFO  [org.jboss.as.server.deployment.scanner] (MSC service thread 1-7) WFLYDS0013: Started FileSystemDeploymentService for directory /Users/jackjibb/eclipse-workspace/Bank/Wildfly-server/standalone/deployments
2025-03-23 15:57:08,356 INFO  [org.wildfly.extension.undertow] (MSC service thread 1-4) WFLYUT0006: Undertow HTTPS listener https listening on 127.0.0.1:8443
2025-03-23 15:57:08,367 INFO  [org.wildfly.extension.messaging-activemq] (MSC service thread 1-5) WFLYMSGAMQ0001: AIO wasn't located on this platform, it will fall back to using pure Java NIO.
2025-03-23 15:57:08,370 INFO  [org.wildfly.iiop.openjdk] (MSC service thread 1-3) WFLYIIOP0009: CORBA ORB Service started
2025-03-23 15:57:08,418 INFO  [org.jboss.ws.common.management] (MSC service thread 1-8) JBWS022052: Starting JBossWS 7.1.0.Final (Apache CXF 4.0.5) 
2025-03-23 15:57:08,434 INFO  [org.apache.activemq.artemis.core.server] (ServerService Thread Pool -- 82) AMQ221000: Primary message broker is starting with configuration Broker Configuration (clustered=false,journalDirectory=/Users/jackjibb/eclipse-workspace/Bank/Wildfly-server/standalone/data/activemq/journal,bindingsDirectory=/Users/jackjibb/eclipse-workspace/Bank/Wildfly-server/standalone/data/activemq/bindings,largeMessagesDirectory=/Users/jackjibb/eclipse-workspace/Bank/Wildfly-server/standalone/data/activemq/largemessages,pagingDirectory=/Users/jackjibb/eclipse-workspace/Bank/Wildfly-server/standalone/data/activemq/paging)
2025-03-23 15:57:08,465 INFO  [org.apache.activemq.artemis.core.server] (ServerService Thread Pool -- 82) AMQ221013: Using NIO Journal
2025-03-23 15:57:08,557 INFO  [org.apache.activemq.artemis.core.server] (ServerService Thread Pool -- 82) AMQ221043: Protocol module found: [artemis-server]. Adding protocol support for: CORE
2025-03-23 15:57:08,558 INFO  [org.apache.activemq.artemis.core.server] (ServerService Thread Pool -- 82) AMQ221043: Protocol module found: [artemis-amqp-protocol]. Adding protocol support for: AMQP
2025-03-23 15:57:08,559 INFO  [org.apache.activemq.artemis.core.server] (ServerService Thread Pool -- 82) AMQ221043: Protocol module found: [artemis-hornetq-protocol]. Adding protocol support for: HORNETQ
2025-03-23 15:57:08,559 INFO  [org.apache.activemq.artemis.core.server] (ServerService Thread Pool -- 82) AMQ221043: Protocol module found: [artemis-stomp-protocol]. Adding protocol support for: STOMP
2025-03-23 15:57:08,619 INFO  [org.apache.activemq.artemis.core.server] (ServerService Thread Pool -- 82) AMQ221034: Waiting indefinitely to obtain primary lock
2025-03-23 15:57:08,620 INFO  [org.apache.activemq.artemis.core.server] (ServerService Thread Pool -- 82) AMQ221035: Primary Server Obtained primary lock
2025-03-23 15:57:08,825 WARN  [org.jboss.as.server.deployment] (MSC service thread 1-1) WFLYSRV0293: The 'javax.servlet.jsp.api' module alias has been added as a dependency to 'Bank.war' deployment via jboss-deployment-structure.xml. While this is allowed, it is recommended to use its target module instead. Consider replacing this alias with its target module 'jakarta.servlet.jsp.api'.
2025-03-23 15:57:08,988 INFO  [org.apache.activemq.artemis.core.server] (ServerService Thread Pool -- 82) AMQ221003: Deploying ANYCAST queue jms.queue.ExpiryQueue on address jms.queue.ExpiryQueue
2025-03-23 15:57:08,992 INFO  [org.apache.activemq.artemis.core.server] (ServerService Thread Pool -- 82) AMQ221003: Deploying ANYCAST queue jms.queue.DLQ on address jms.queue.DLQ
2025-03-23 15:57:09,015 INFO  [org.wildfly.extension.messaging-activemq] (MSC service thread 1-1) WFLYMSGAMQ0016: Registered HTTP upgrade for activemq-remoting protocol handled by http-acceptor-throughput acceptor
2025-03-23 15:57:09,015 INFO  [org.wildfly.extension.messaging-activemq] (MSC service thread 1-8) WFLYMSGAMQ0016: Registered HTTP upgrade for activemq-remoting protocol handled by http-acceptor acceptor
2025-03-23 15:57:09,015 INFO  [org.wildfly.extension.messaging-activemq] (MSC service thread 1-7) WFLYMSGAMQ0016: Registered HTTP upgrade for activemq-remoting protocol handled by http-acceptor acceptor
2025-03-23 15:57:09,015 INFO  [org.wildfly.extension.messaging-activemq] (MSC service thread 1-2) WFLYMSGAMQ0016: Registered HTTP upgrade for activemq-remoting protocol handled by http-acceptor-throughput acceptor
2025-03-23 15:57:09,088 INFO  [org.jboss.as.jpa] (MSC service thread 1-5) WFLYJPA0002: Read persistence.xml for Bank
2025-03-23 15:57:09,175 INFO  [org.jipijapa] (MSC service thread 1-5) JIPIORMV6020260: Second level cache enabled for Bank.war#Bank
2025-03-23 15:57:09,355 INFO  [org.jboss.weld.deployer] (MSC service thread 1-6) WFLYWELD0003: Processing weld deployment Bank.war
2025-03-23 15:57:09,454 INFO  [org.hibernate.validator.internal.util.Version] (MSC service thread 1-6) HV000001: Hibernate Validator 8.0.1.Final
2025-03-23 15:57:09,467 INFO  [org.apache.activemq.artemis.core.server] (ServerService Thread Pool -- 82) AMQ221007: Server is now active
2025-03-23 15:57:09,468 INFO  [org.apache.activemq.artemis.core.server] (ServerService Thread Pool -- 82) AMQ221001: Apache ActiveMQ Artemis Message Broker version 2.35.0 [default, nodeID=75b34986-f80a-11ef-9410-a07817ada456] 
2025-03-23 15:57:09,477 INFO  [org.wildfly.extension.messaging-activemq] (ServerService Thread Pool -- 82) WFLYMSGAMQ0002: Bound messaging object to jndi name java:/ConnectionFactory
2025-03-23 15:57:09,486 INFO  [org.wildfly.extension.messaging-activemq] (ServerService Thread Pool -- 86) WFLYMSGAMQ0002: Bound messaging object to jndi name java:jboss/exported/jms/RemoteConnectionFactory
2025-03-23 15:57:09,532 INFO  [org.jboss.as.connector.deployment] (MSC service thread 1-1) WFLYJCA0007: Registered connection factory java:/JmsXA
2025-03-23 15:57:09,572 INFO  [org.apache.activemq.artemis.ra.ActiveMQRALogger] (MSC service thread 1-1) AMQ151007: Resource adaptor started
2025-03-23 15:57:09,572 INFO  [org.jboss.as.connector.services.resourceadapters.ResourceAdapterActivatorService$ResourceAdapterActivator] (MSC service thread 1-1) IJ020002: Deployed: file://RaActivatoractivemq-ra
2025-03-23 15:57:09,574 INFO  [org.jboss.as.connector.deployment] (MSC service thread 1-1) WFLYJCA0002: Bound Jakarta Connectors ConnectionFactory [java:/JmsXA]
2025-03-23 15:57:09,574 INFO  [org.jboss.as.connector.deployment] (MSC service thread 1-7) WFLYJCA0118: Binding connection factory named java:/JmsXA to alias java:jboss/DefaultJMSConnectionFactory
2025-03-23 15:57:09,576 INFO  [org.jboss.as.ejb3.deployment] (MSC service thread 1-6) WFLYEJB0473: JNDI bindings for session bean named 'BankDAO' in deployment unit 'deployment "Bank.war"' are as follows:

	java:global/Bank/BankDAO!com.bank.dao.BankDAO
	java:app/Bank/BankDAO!com.bank.dao.BankDAO
	java:module/BankDAO!com.bank.dao.BankDAO
	java:global/Bank/BankDAO
	java:app/Bank/BankDAO
	java:module/BankDAO

2025-03-23 15:57:09,659 INFO  [org.infinispan.CONTAINER] (ServerService Thread Pool -- 83) ISPN000556: Starting user marshaller 'org.wildfly.clustering.infinispan.marshalling.jboss.JBossMarshaller'
2025-03-23 15:57:09,789 INFO  [org.jipijapa] (MSC service thread 1-8) JIPIORMV6020260: Second level cache enabled for Bank.war#Bank
2025-03-23 15:57:09,841 INFO  [org.jboss.weld.Version] (MSC service thread 1-8) WELD-000900: 5.1.2 (Final)
2025-03-23 15:57:10,001 INFO  [org.jboss.as.jpa] (ServerService Thread Pool -- 83) WFLYJPA0010: Starting Persistence Unit (phase 1 of 2) Service 'Bank.war#Bank'
2025-03-23 15:57:10,018 INFO  [org.hibernate.jpa.internal.util.LogHelper] (ServerService Thread Pool -- 83) HHH000204: Processing PersistenceUnitInfo [name: Bank]
2025-03-23 15:57:10,067 INFO  [org.hibernate.Version] (ServerService Thread Pool -- 83) HHH000412: Hibernate ORM core version 6.4.4.Final
2025-03-23 15:57:10,401 INFO  [org.hibernate.cache.internal.RegionFactoryInitiator] (ServerService Thread Pool -- 83) HHH000025: Second-level cache region factory [org.infinispan.hibernate.cache.v62.InfinispanRegionFactory]
2025-03-23 15:57:10,450 INFO  [org.hibernate.envers.boot.internal.EnversServiceImpl] (ServerService Thread Pool -- 83) Envers integration enabled? : true
2025-03-23 15:57:10,552 INFO  [org.jboss.as.jpa] (ServerService Thread Pool -- 83) WFLYJPA0010: Starting Persistence Unit (phase 2 of 2) Service 'Bank.war#Bank'
2025-03-23 15:57:11,827 WARN  [org.wildfly.extension.undertow] (MSC service thread 1-6) WFLYUT0101: Duplicate servlet mapping /Controller found
2025-03-23 15:57:12,115 INFO  [org.jboss.resteasy.resteasy_jaxrs.i18n] (ServerService Thread Pool -- 88) RESTEASY002225: Deploying jakarta.ws.rs.core.Application: class com.bank.rest.RestApplication
2025-03-23 15:57:12,144 INFO  [org.wildfly.extension.undertow] (ServerService Thread Pool -- 88) WFLYUT0021: Registered web context: '/Bank' for server 'default-server'
2025-03-23 15:57:12,192 INFO  [org.jboss.as.server] (ServerService Thread Pool -- 47) WFLYSRV0010: Deployed "Bank.war" (runtime-name : "Bank.war")
2025-03-23 15:57:12,225 INFO  [org.jboss.as.server] (Controller Boot Thread) WFLYSRV0212: Resuming server
2025-03-23 15:57:12,230 INFO  [org.jboss.as] (Controller Boot Thread) WFLYSRV0060: Http management interface listening on http://127.0.0.1:9990/management
2025-03-23 15:57:12,230 INFO  [org.jboss.as] (Controller Boot Thread) WFLYSRV0051: Admin console listening on http://127.0.0.1:9990
2025-03-23 15:57:12,233 INFO  [org.jboss.as] (Controller Boot Thread) WFLYSRV0025: WildFly 33.0.2.Final (WildFly Core 25.0.2.Final) started in 6466ms - Started 863 of 1073 services (341 services are lazy, passive or on-demand) - Server configuration file in use: standalone-full.xml - Minimum feature stability level: community
2025-03-23 15:57:47,304 INFO  [org.wildfly.extension.undertow] (ServerService Thread Pool -- 34) WFLYUT0022: Unregistered web context: '/Bank' from server 'default-server'
2025-03-23 15:57:47,334 INFO  [org.jboss.as.jpa] (ServerService Thread Pool -- 114) WFLYJPA0011: Stopping Persistence Unit (phase 2 of 2) Service 'Bank.war#Bank'
2025-03-23 15:57:47,337 INFO  [org.hibernate.orm.beans] (ServerService Thread Pool -- 114) HHH10005004: Stopping BeanContainer : org.hibernate.resource.beans.container.internal.CdiBeanContainerExtendedAccessImpl@6c876fdd
2025-03-23 15:57:47,340 INFO  [org.jboss.as.jpa] (ServerService Thread Pool -- 114) WFLYJPA0011: Stopping Persistence Unit (phase 1 of 2) Service 'Bank.war#Bank'
2025-03-23 15:57:47,355 INFO  [org.jboss.as.server.deployment] (MSC service thread 1-3) WFLYSRV0028: Stopped deployment Bank.war (runtime-name: Bank.war) in 58ms
2025-03-23 15:57:47,395 INFO  [org.jboss.as.server] (DeploymentScanner-threads - 2) WFLYSRV0009: Undeployed "Bank.war" (runtime-name: "Bank.war")
2025-03-23 15:58:17,436 INFO  [org.jboss.as.server.deployment.scanner] (DeploymentScanner-threads - 1) WFLYDS0004: Found Bank.war in deployment directory. To trigger deployment create a file called Bank.war.dodeploy
2025-03-23 15:58:17,447 INFO  [org.jboss.as.server.deployment] (MSC service thread 1-3) WFLYSRV0027: Starting deployment of "Bank.war" (runtime-name: "Bank.war")
2025-03-23 15:58:17,744 WARN  [org.jboss.as.server.deployment] (MSC service thread 1-8) WFLYSRV0293: The 'javax.servlet.jsp.api' module alias has been added as a dependency to 'Bank.war' deployment via jboss-deployment-structure.xml. While this is allowed, it is recommended to use its target module instead. Consider replacing this alias with its target module 'jakarta.servlet.jsp.api'.
2025-03-23 15:58:17,786 INFO  [org.jboss.as.jpa] (MSC service thread 1-3) WFLYJPA0002: Read persistence.xml for Bank
2025-03-23 15:58:17,802 INFO  [org.jipijapa] (MSC service thread 1-5) JIPIORMV6020260: Second level cache enabled for Bank.war#Bank
2025-03-23 15:58:17,813 INFO  [org.infinispan.CONTAINER] (ServerService Thread Pool -- 114) ISPN000556: Starting user marshaller 'org.wildfly.clustering.infinispan.marshalling.jboss.JBossMarshaller'
2025-03-23 15:58:17,815 INFO  [org.jboss.weld.deployer] (MSC service thread 1-5) WFLYWELD0003: Processing weld deployment Bank.war
2025-03-23 15:58:17,830 INFO  [org.jboss.as.jpa] (ServerService Thread Pool -- 114) WFLYJPA0010: Starting Persistence Unit (phase 1 of 2) Service 'Bank.war#Bank'
2025-03-23 15:58:17,831 INFO  [org.hibernate.jpa.internal.util.LogHelper] (ServerService Thread Pool -- 114) HHH000204: Processing PersistenceUnitInfo [name: Bank]
2025-03-23 15:58:17,838 INFO  [org.jboss.as.ejb3.deployment] (MSC service thread 1-5) WFLYEJB0473: JNDI bindings for session bean named 'BankDAO' in deployment unit 'deployment "Bank.war"' are as follows:

	java:global/Bank/BankDAO!com.bank.dao.BankDAO
	java:app/Bank/BankDAO!com.bank.dao.BankDAO
	java:module/BankDAO!com.bank.dao.BankDAO
	java:global/Bank/BankDAO
	java:app/Bank/BankDAO
	java:module/BankDAO

2025-03-23 15:58:17,852 INFO  [org.hibernate.cache.internal.RegionFactoryInitiator] (ServerService Thread Pool -- 114) HHH000025: Second-level cache region factory [org.infinispan.hibernate.cache.v62.InfinispanRegionFactory]
2025-03-23 15:58:17,854 INFO  [org.hibernate.envers.boot.internal.EnversServiceImpl] (ServerService Thread Pool -- 114) Envers integration enabled? : true
2025-03-23 15:58:17,887 INFO  [org.jipijapa] (MSC service thread 1-7) JIPIORMV6020260: Second level cache enabled for Bank.war#Bank
2025-03-23 15:58:17,918 INFO  [org.jboss.as.jpa] (ServerService Thread Pool -- 114) WFLYJPA0010: Starting Persistence Unit (phase 2 of 2) Service 'Bank.war#Bank'
2025-03-23 15:58:18,082 WARN  [org.wildfly.extension.undertow] (MSC service thread 1-1) WFLYUT0101: Duplicate servlet mapping /Controller found
2025-03-23 15:58:18,099 INFO  [org.jboss.resteasy.resteasy_jaxrs.i18n] (ServerService Thread Pool -- 131) RESTEASY002225: Deploying jakarta.ws.rs.core.Application: class com.bank.rest.RestApplication
2025-03-23 15:58:18,104 INFO  [org.wildfly.extension.undertow] (ServerService Thread Pool -- 131) WFLYUT0021: Registered web context: '/Bank' for server 'default-server'
2025-03-23 15:58:18,118 INFO  [org.jboss.as.server] (DeploymentScanner-threads - 2) WFLYSRV0010: Deployed "Bank.war" (runtime-name : "Bank.war")
2025-03-23 15:58:18,886 INFO  [stdout] (default task-1) Hibernate: select a1_0.accountID,a1_0.accountAlias,a1_0.accountBalance,a1_0.studentID from Accounts a1_0
2025-03-23 15:58:18,886 INFO  [stdout] (default task-2) Hibernate: select a1_0.accountID,a1_0.accountAlias,a1_0.accountBalance,a1_0.studentID from Accounts a1_0
2025-03-23 15:58:18,928 INFO  [stdout] (default task-1) Hibernate: select s1_0.studentID,s1_0.studentAddress,s1_0.studentEmail,s1_0.studentName,s1_0.studentPhone from Students s1_0 where s1_0.studentID=?
2025-03-23 15:58:18,928 INFO  [stdout] (default task-2) Hibernate: select s1_0.studentID,s1_0.studentAddress,s1_0.studentEmail,s1_0.studentName,s1_0.studentPhone from Students s1_0 where s1_0.studentID=?
2025-03-23 15:58:20,861 INFO  [stdout] (default task-2) Hibernate: select a1_0.accountID,a1_0.accountAlias,a1_0.accountBalance,a1_0.studentID from Accounts a1_0
2025-03-23 15:58:20,869 INFO  [stdout] (default task-2) Hibernate: select s1_0.studentID,s1_0.studentAddress,s1_0.studentEmail,s1_0.studentName,s1_0.studentPhone from Students s1_0 where s1_0.studentID=?
2025-03-23 15:58:20,879 INFO  [stdout] (default task-2) Hibernate: select s1_0.studentID,s1_0.studentAddress,s1_0.studentEmail,s1_0.studentName,s1_0.studentPhone from Students s1_0
2025-03-23 15:58:24,225 INFO  [stdout] (default task-2) Hibernate: select a1_0.accountID,a1_0.accountAlias,a1_0.accountBalance,a1_0.studentID from Accounts a1_0
2025-03-23 15:58:24,230 INFO  [stdout] (default task-2) Hibernate: select s1_0.studentID,s1_0.studentAddress,s1_0.studentEmail,s1_0.studentName,s1_0.studentPhone from Students s1_0 where s1_0.studentID=?
2025-03-23 15:58:24,272 INFO  [stdout] (default task-2) Hibernate: select a1_0.accountID,a1_0.accountAlias,a1_0.accountBalance,a1_0.studentID from Accounts a1_0
2025-03-23 15:58:24,272 INFO  [stdout] (default task-1) Hibernate: select a1_0.accountID,a1_0.accountAlias,a1_0.accountBalance,a1_0.studentID from Accounts a1_0
2025-03-23 15:58:24,277 INFO  [stdout] (default task-1) Hibernate: select s1_0.studentID,s1_0.studentAddress,s1_0.studentEmail,s1_0.studentName,s1_0.studentPhone from Students s1_0 where s1_0.studentID=?
2025-03-23 15:58:24,278 INFO  [stdout] (default task-2) Hibernate: select s1_0.studentID,s1_0.studentAddress,s1_0.studentEmail,s1_0.studentName,s1_0.studentPhone from Students s1_0 where s1_0.studentID=?
2025-03-23 15:58:25,325 INFO  [stdout] (default task-1) Hibernate: select a1_0.accountID,a1_0.accountAlias,a1_0.accountBalance,a1_0.studentID from Accounts a1_0
2025-03-23 15:58:25,325 INFO  [stdout] (default task-2) Hibernate: select a1_0.accountID,a1_0.accountAlias,a1_0.accountBalance,a1_0.studentID from Accounts a1_0
2025-03-23 15:58:25,331 INFO  [stdout] (default task-3) Hibernate: select a1_0.accountID,a1_0.accountAlias,a1_0.accountBalance,a1_0.studentID from Accounts a1_0
2025-03-23 15:58:25,331 INFO  [stdout] (default task-4) Hibernate: select a1_0.accountID,a1_0.accountAlias,a1_0.accountBalance,a1_0.studentID from Accounts a1_0
2025-03-23 15:58:25,332 INFO  [stdout] (default task-1) Hibernate: select s1_0.studentID,s1_0.studentAddress,s1_0.studentEmail,s1_0.studentName,s1_0.studentPhone from Students s1_0 where s1_0.studentID=?
2025-03-23 15:58:25,333 INFO  [stdout] (default task-2) Hibernate: select s1_0.studentID,s1_0.studentAddress,s1_0.studentEmail,s1_0.studentName,s1_0.studentPhone from Students s1_0 where s1_0.studentID=?
2025-03-23 15:58:25,368 INFO  [stdout] (default task-4) Hibernate: select s1_0.studentID,s1_0.studentAddress,s1_0.studentEmail,s1_0.studentName,s1_0.studentPhone from Students s1_0 where s1_0.studentID=?
2025-03-23 15:58:25,369 INFO  [stdout] (default task-3) Hibernate: select s1_0.studentID,s1_0.studentAddress,s1_0.studentEmail,s1_0.studentName,s1_0.studentPhone from Students s1_0 where s1_0.studentID=?
2025-03-23 15:58:25,406 INFO  [stdout] (default task-4) Hibernate: select a1_0.accountID,a1_0.accountAlias,a1_0.accountBalance,a1_0.studentID from Accounts a1_0 where a1_0.studentID=?
2025-03-23 15:58:25,407 INFO  [stdout] (default task-3) Hibernate: select a1_0.accountID,a1_0.accountAlias,a1_0.accountBalance,a1_0.studentID from Accounts a1_0 where a1_0.studentID=?
2025-03-23 15:58:25,407 INFO  [stdout] (default task-1) Hibernate: select a1_0.accountID,a1_0.accountAlias,a1_0.accountBalance,a1_0.studentID from Accounts a1_0 where a1_0.studentID=?
2025-03-23 15:58:25,408 INFO  [stdout] (default task-2) Hibernate: select a1_0.accountID,a1_0.accountAlias,a1_0.accountBalance,a1_0.studentID from Accounts a1_0 where a1_0.studentID=?
2025-03-23 15:58:26,434 INFO  [stdout] (default task-1) Hibernate: select a1_0.accountID,a1_0.accountAlias,a1_0.accountBalance,a1_0.studentID from Accounts a1_0
2025-03-23 15:58:26,434 INFO  [stdout] (default task-3) Hibernate: select a1_0.accountID,a1_0.accountAlias,a1_0.accountBalance,a1_0.studentID from Accounts a1_0
2025-03-23 15:58:26,440 INFO  [stdout] (default task-3) Hibernate: select s1_0.studentID,s1_0.studentAddress,s1_0.studentEmail,s1_0.studentName,s1_0.studentPhone from Students s1_0 where s1_0.studentID=?
2025-03-23 15:58:26,441 INFO  [stdout] (default task-1) Hibernate: select s1_0.studentID,s1_0.studentAddress,s1_0.studentEmail,s1_0.studentName,s1_0.studentPhone from Students s1_0 where s1_0.studentID=?
2025-03-23 15:58:29,410 INFO  [stdout] (default task-1) Hibernate: select s1_0.studentID,s1_0.studentAddress,s1_0.studentEmail,s1_0.studentName,s1_0.studentPhone from Students s1_0 where s1_0.studentID=?
2025-03-23 15:58:29,419 INFO  [stdout] (default task-1) Account being created...
2025-03-23 15:58:29,433 INFO  [stdout] (default task-1) Hibernate: insert into Accounts (accountAlias,accountBalance,studentID) values (?,?,?)
2025-03-23 15:58:29,473 INFO  [stdout] (default task-1) Hibernate: select a1_0.accountID,a1_0.accountAlias,a1_0.accountBalance,a1_0.studentID from Accounts a1_0
2025-03-23 15:58:29,473 INFO  [stdout] (default task-3) Hibernate: select a1_0.accountID,a1_0.accountAlias,a1_0.accountBalance,a1_0.studentID from Accounts a1_0
2025-03-23 15:58:29,479 INFO  [stdout] (default task-3) Hibernate: select s1_0.studentID,s1_0.studentAddress,s1_0.studentEmail,s1_0.studentName,s1_0.studentPhone from Students s1_0 where s1_0.studentID=?
2025-03-23 15:58:29,479 INFO  [stdout] (default task-1) Hibernate: select s1_0.studentID,s1_0.studentAddress,s1_0.studentEmail,s1_0.studentName,s1_0.studentPhone from Students s1_0 where s1_0.studentID=?
2025-03-23 15:58:32,938 INFO  [stdout] (default task-1) Hibernate: select a1_0.accountID,a1_0.accountAlias,a1_0.accountBalance,a1_0.studentID from Accounts a1_0
2025-03-23 15:58:32,938 INFO  [stdout] (default task-3) Hibernate: select a1_0.accountID,a1_0.accountAlias,a1_0.accountBalance,a1_0.studentID from Accounts a1_0
2025-03-23 15:58:32,939 INFO  [stdout] (default task-4) Hibernate: select a1_0.accountID,a1_0.accountAlias,a1_0.accountBalance,a1_0.studentID from Accounts a1_0
2025-03-23 15:58:32,940 INFO  [stdout] (default task-2) Hibernate: select a1_0.accountID,a1_0.accountAlias,a1_0.accountBalance,a1_0.studentID from Accounts a1_0
2025-03-23 15:58:32,945 INFO  [stdout] (default task-4) Hibernate: select s1_0.studentID,s1_0.studentAddress,s1_0.studentEmail,s1_0.studentName,s1_0.studentPhone from Students s1_0 where s1_0.studentID=?
2025-03-23 15:58:32,945 INFO  [stdout] (default task-3) Hibernate: select s1_0.studentID,s1_0.studentAddress,s1_0.studentEmail,s1_0.studentName,s1_0.studentPhone from Students s1_0 where s1_0.studentID=?
2025-03-23 15:58:32,945 INFO  [stdout] (default task-1) Hibernate: select s1_0.studentID,s1_0.studentAddress,s1_0.studentEmail,s1_0.studentName,s1_0.studentPhone from Students s1_0 where s1_0.studentID=?
2025-03-23 15:58:32,946 INFO  [stdout] (default task-2) Hibernate: select s1_0.studentID,s1_0.studentAddress,s1_0.studentEmail,s1_0.studentName,s1_0.studentPhone from Students s1_0 where s1_0.studentID=?
2025-03-23 15:58:32,952 INFO  [stdout] (default task-4) Hibernate: select a1_0.accountID,a1_0.accountAlias,a1_0.accountBalance,a1_0.studentID from Accounts a1_0 where a1_0.studentID=?
2025-03-23 15:58:32,952 INFO  [stdout] (default task-2) Hibernate: select a1_0.accountID,a1_0.accountAlias,a1_0.accountBalance,a1_0.studentID from Accounts a1_0 where a1_0.studentID=?
2025-03-23 15:58:32,952 INFO  [stdout] (default task-3) Hibernate: select a1_0.accountID,a1_0.accountAlias,a1_0.accountBalance,a1_0.studentID from Accounts a1_0 where a1_0.studentID=?
2025-03-23 15:58:32,952 INFO  [stdout] (default task-1) Hibernate: select a1_0.accountID,a1_0.accountAlias,a1_0.accountBalance,a1_0.studentID from Accounts a1_0 where a1_0.studentID=?
2025-03-23 15:58:56,662 INFO  [stdout] (default task-4) Hibernate: select a1_0.accountID,a1_0.accountAlias,a1_0.accountBalance,a1_0.studentID from Accounts a1_0
2025-03-23 15:58:56,664 INFO  [stdout] (default task-1) Hibernate: select a1_0.accountID,a1_0.accountAlias,a1_0.accountBalance,a1_0.studentID from Accounts a1_0
2025-03-23 15:58:56,664 INFO  [stdout] (default task-3) Hibernate: select a1_0.accountID,a1_0.accountAlias,a1_0.accountBalance,a1_0.studentID from Accounts a1_0
2025-03-23 15:58:56,664 INFO  [stdout] (default task-2) Hibernate: select a1_0.accountID,a1_0.accountAlias,a1_0.accountBalance,a1_0.studentID from Accounts a1_0
2025-03-23 15:58:56,688 INFO  [stdout] (default task-4) Hibernate: select s1_0.studentID,s1_0.studentAddress,s1_0.studentEmail,s1_0.studentName,s1_0.studentPhone from Students s1_0 where s1_0.studentID=?
2025-03-23 15:58:56,689 INFO  [stdout] (default task-2) Hibernate: select s1_0.studentID,s1_0.studentAddress,s1_0.studentEmail,s1_0.studentName,s1_0.studentPhone from Students s1_0 where s1_0.studentID=?
2025-03-23 15:58:56,689 INFO  [stdout] (default task-3) Hibernate: select s1_0.studentID,s1_0.studentAddress,s1_0.studentEmail,s1_0.studentName,s1_0.studentPhone from Students s1_0 where s1_0.studentID=?
2025-03-23 15:58:56,689 INFO  [stdout] (default task-1) Hibernate: select s1_0.studentID,s1_0.studentAddress,s1_0.studentEmail,s1_0.studentName,s1_0.studentPhone from Students s1_0 where s1_0.studentID=?
2025-03-23 15:58:57,355 INFO  [stdout] (default task-4) Hibernate: select a1_0.accountID,a1_0.accountAlias,a1_0.accountBalance,a1_0.studentID from Accounts a1_0
2025-03-23 15:58:57,355 INFO  [stdout] (default task-3) Hibernate: select a1_0.accountID,a1_0.accountAlias,a1_0.accountBalance,a1_0.studentID from Accounts a1_0
2025-03-23 15:58:57,356 INFO  [stdout] (default task-1) Hibernate: select a1_0.accountID,a1_0.accountAlias,a1_0.accountBalance,a1_0.studentID from Accounts a1_0
2025-03-23 15:58:57,358 INFO  [stdout] (default task-2) Hibernate: select a1_0.accountID,a1_0.accountAlias,a1_0.accountBalance,a1_0.studentID from Accounts a1_0
2025-03-23 15:58:57,360 INFO  [stdout] (default task-3) Hibernate: select s1_0.studentID,s1_0.studentAddress,s1_0.studentEmail,s1_0.studentName,s1_0.studentPhone from Students s1_0 where s1_0.studentID=?
2025-03-23 15:58:57,361 INFO  [stdout] (default task-4) Hibernate: select s1_0.studentID,s1_0.studentAddress,s1_0.studentEmail,s1_0.studentName,s1_0.studentPhone from Students s1_0 where s1_0.studentID=?
2025-03-23 15:58:57,361 INFO  [stdout] (default task-1) Hibernate: select s1_0.studentID,s1_0.studentAddress,s1_0.studentEmail,s1_0.studentName,s1_0.studentPhone from Students s1_0 where s1_0.studentID=?
2025-03-23 15:58:57,363 INFO  [stdout] (default task-2) Hibernate: select s1_0.studentID,s1_0.studentAddress,s1_0.studentEmail,s1_0.studentName,s1_0.studentPhone from Students s1_0 where s1_0.studentID=?
2025-03-23 15:58:57,368 INFO  [stdout] (default task-3) Hibernate: select a1_0.accountID,a1_0.accountAlias,a1_0.accountBalance,a1_0.studentID from Accounts a1_0 where a1_0.studentID=?
2025-03-23 15:58:57,369 INFO  [stdout] (default task-1) Hibernate: select a1_0.accountID,a1_0.accountAlias,a1_0.accountBalance,a1_0.studentID from Accounts a1_0 where a1_0.studentID=?
2025-03-23 15:58:57,370 INFO  [stdout] (default task-4) Hibernate: select a1_0.accountID,a1_0.accountAlias,a1_0.accountBalance,a1_0.studentID from Accounts a1_0 where a1_0.studentID=?
2025-03-23 15:58:57,371 INFO  [stdout] (default task-2) Hibernate: select a1_0.accountID,a1_0.accountAlias,a1_0.accountBalance,a1_0.studentID from Accounts a1_0 where a1_0.studentID=?
2025-03-23 15:58:59,855 INFO  [stdout] (default task-1) Hibernate: select a1_0.accountID,a1_0.accountAlias,a1_0.accountBalance,a1_0.studentID from Accounts a1_0
2025-03-23 15:58:59,856 INFO  [stdout] (default task-2) Hibernate: select a1_0.accountID,a1_0.accountAlias,a1_0.accountBalance,a1_0.studentID from Accounts a1_0
2025-03-23 15:58:59,856 INFO  [stdout] (default task-4) Hibernate: select a1_0.accountID,a1_0.accountAlias,a1_0.accountBalance,a1_0.studentID from Accounts a1_0
2025-03-23 15:58:59,857 INFO  [stdout] (default task-3) Hibernate: select a1_0.accountID,a1_0.accountAlias,a1_0.accountBalance,a1_0.studentID from Accounts a1_0
2025-03-23 15:58:59,862 INFO  [stdout] (default task-1) Hibernate: select s1_0.studentID,s1_0.studentAddress,s1_0.studentEmail,s1_0.studentName,s1_0.studentPhone from Students s1_0 where s1_0.studentID=?
2025-03-23 15:58:59,862 INFO  [stdout] (default task-2) Hibernate: select s1_0.studentID,s1_0.studentAddress,s1_0.studentEmail,s1_0.studentName,s1_0.studentPhone from Students s1_0 where s1_0.studentID=?
2025-03-23 15:58:59,862 INFO  [stdout] (default task-4) Hibernate: select s1_0.studentID,s1_0.studentAddress,s1_0.studentEmail,s1_0.studentName,s1_0.studentPhone from Students s1_0 where s1_0.studentID=?
2025-03-23 15:58:59,862 INFO  [stdout] (default task-3) Hibernate: select s1_0.studentID,s1_0.studentAddress,s1_0.studentEmail,s1_0.studentName,s1_0.studentPhone from Students s1_0 where s1_0.studentID=?
2025-03-23 15:59:00,853 INFO  [stdout] (default task-3) Hibernate: select a1_0.accountID,a1_0.accountAlias,a1_0.accountBalance,a1_0.studentID from Accounts a1_0
2025-03-23 15:59:00,867 INFO  [stdout] (default task-3) Hibernate: select s1_0.studentID,s1_0.studentAddress,s1_0.studentEmail,s1_0.studentName,s1_0.studentPhone from Students s1_0 where s1_0.studentID=?
2025-03-23 15:59:00,913 INFO  [stdout] (default task-2) Hibernate: select a1_0.accountID,a1_0.accountAlias,a1_0.accountBalance,a1_0.studentID from Accounts a1_0
2025-03-23 15:59:00,913 INFO  [stdout] (default task-3) Hibernate: select a1_0.accountID,a1_0.accountAlias,a1_0.accountBalance,a1_0.studentID from Accounts a1_0
2025-03-23 15:59:00,920 INFO  [stdout] (default task-3) Hibernate: select s1_0.studentID,s1_0.studentAddress,s1_0.studentEmail,s1_0.studentName,s1_0.studentPhone from Students s1_0 where s1_0.studentID=?
2025-03-23 15:59:00,920 INFO  [stdout] (default task-2) Hibernate: select s1_0.studentID,s1_0.studentAddress,s1_0.studentEmail,s1_0.studentName,s1_0.studentPhone from Students s1_0 where s1_0.studentID=?
2025-03-23 15:59:01,805 INFO  [stdout] (default task-3) Hibernate: select a1_0.accountID,a1_0.accountAlias,a1_0.accountBalance,a1_0.studentID from Accounts a1_0
2025-03-23 15:59:01,805 INFO  [stdout] (default task-2) Hibernate: select a1_0.accountID,a1_0.accountAlias,a1_0.accountBalance,a1_0.studentID from Accounts a1_0
2025-03-23 15:59:01,805 INFO  [stdout] (default task-1) Hibernate: select a1_0.accountID,a1_0.accountAlias,a1_0.accountBalance,a1_0.studentID from Accounts a1_0
2025-03-23 15:59:01,808 INFO  [stdout] (default task-4) Hibernate: select a1_0.accountID,a1_0.accountAlias,a1_0.accountBalance,a1_0.studentID from Accounts a1_0
2025-03-23 15:59:01,811 INFO  [stdout] (default task-1) Hibernate: select s1_0.studentID,s1_0.studentAddress,s1_0.studentEmail,s1_0.studentName,s1_0.studentPhone from Students s1_0 where s1_0.studentID=?
2025-03-23 15:59:01,811 INFO  [stdout] (default task-2) Hibernate: select s1_0.studentID,s1_0.studentAddress,s1_0.studentEmail,s1_0.studentName,s1_0.studentPhone from Students s1_0 where s1_0.studentID=?
2025-03-23 15:59:01,811 INFO  [stdout] (default task-3) Hibernate: select s1_0.studentID,s1_0.studentAddress,s1_0.studentEmail,s1_0.studentName,s1_0.studentPhone from Students s1_0 where s1_0.studentID=?
2025-03-23 15:59:01,813 INFO  [stdout] (default task-4) Hibernate: select s1_0.studentID,s1_0.studentAddress,s1_0.studentEmail,s1_0.studentName,s1_0.studentPhone from Students s1_0 where s1_0.studentID=?
2025-03-23 15:59:01,817 INFO  [stdout] (default task-2) Hibernate: select a1_0.accountID,a1_0.accountAlias,a1_0.accountBalance,a1_0.studentID from Accounts a1_0 where a1_0.studentID=?
2025-03-23 15:59:01,818 INFO  [stdout] (default task-1) Hibernate: select a1_0.accountID,a1_0.accountAlias,a1_0.accountBalance,a1_0.studentID from Accounts a1_0 where a1_0.studentID=?
2025-03-23 15:59:01,818 INFO  [stdout] (default task-3) Hibernate: select a1_0.accountID,a1_0.accountAlias,a1_0.accountBalance,a1_0.studentID from Accounts a1_0 where a1_0.studentID=?
2025-03-23 15:59:01,821 INFO  [stdout] (default task-4) Hibernate: select a1_0.accountID,a1_0.accountAlias,a1_0.accountBalance,a1_0.studentID from Accounts a1_0 where a1_0.studentID=?
2025-03-23 15:59:10,355 INFO  [stdout] (default task-4) Hibernate: select a1_0.accountID,a1_0.accountAlias,a1_0.accountBalance,a1_0.studentID from Accounts a1_0
2025-03-23 15:59:10,356 INFO  [stdout] (default task-2) Hibernate: select a1_0.accountID,a1_0.accountAlias,a1_0.accountBalance,a1_0.studentID from Accounts a1_0
2025-03-23 15:59:10,356 INFO  [stdout] (default task-1) Hibernate: select a1_0.accountID,a1_0.accountAlias,a1_0.accountBalance,a1_0.studentID from Accounts a1_0
2025-03-23 15:59:10,357 INFO  [stdout] (default task-3) Hibernate: select a1_0.accountID,a1_0.accountAlias,a1_0.accountBalance,a1_0.studentID from Accounts a1_0
2025-03-23 15:59:10,361 INFO  [stdout] (default task-3) Hibernate: select s1_0.studentID,s1_0.studentAddress,s1_0.studentEmail,s1_0.studentName,s1_0.studentPhone from Students s1_0 where s1_0.studentID=?
2025-03-23 15:59:10,361 INFO  [stdout] (default task-4) Hibernate: select s1_0.studentID,s1_0.studentAddress,s1_0.studentEmail,s1_0.studentName,s1_0.studentPhone from Students s1_0 where s1_0.studentID=?
2025-03-23 15:59:10,362 INFO  [stdout] (default task-1) Hibernate: select s1_0.studentID,s1_0.studentAddress,s1_0.studentEmail,s1_0.studentName,s1_0.studentPhone from Students s1_0 where s1_0.studentID=?
2025-03-23 15:59:10,362 INFO  [stdout] (default task-2) Hibernate: select s1_0.studentID,s1_0.studentAddress,s1_0.studentEmail,s1_0.studentName,s1_0.studentPhone from Students s1_0 where s1_0.studentID=?
2025-03-23 15:59:13,958 INFO  [stdout] (default task-4) Hibernate: select a1_0.accountID,a1_0.accountAlias,a1_0.accountBalance,a1_0.studentID from Accounts a1_0
2025-03-23 15:59:13,972 INFO  [stdout] (default task-4) Hibernate: select s1_0.studentID,s1_0.studentAddress,s1_0.studentEmail,s1_0.studentName,s1_0.studentPhone from Students s1_0 where s1_0.studentID=?
2025-03-23 15:59:17,555 INFO  [stdout] (default task-4) Hibernate: select a1_0.accountID,a1_0.accountAlias,a1_0.accountBalance,a1_0.studentID from Accounts a1_0
2025-03-23 15:59:17,568 INFO  [stdout] (default task-4) Hibernate: select s1_0.studentID,s1_0.studentAddress,s1_0.studentEmail,s1_0.studentName,s1_0.studentPhone from Students s1_0 where s1_0.studentID=?
2025-03-23 15:59:17,585 INFO  [stdout] (default task-4) Hibernate: select a1_0.accountID,a1_0.accountAlias,a1_0.accountBalance,a1_0.studentID from Accounts a1_0
2025-03-23 15:59:17,592 INFO  [stdout] (default task-4) Hibernate: select s1_0.studentID,s1_0.studentAddress,s1_0.studentEmail,s1_0.studentName,s1_0.studentPhone from Students s1_0 where s1_0.studentID=?
2025-03-23 15:59:18,732 INFO  [stdout] (default task-4) Hibernate: select a1_0.accountID,a1_0.accountAlias,a1_0.accountBalance,a1_0.studentID from Accounts a1_0
2025-03-23 15:59:18,732 INFO  [stdout] (default task-2) Hibernate: select a1_0.accountID,a1_0.accountAlias,a1_0.accountBalance,a1_0.studentID from Accounts a1_0
2025-03-23 15:59:18,740 INFO  [stdout] (default task-4) Hibernate: select s1_0.studentID,s1_0.studentAddress,s1_0.studentEmail,s1_0.studentName,s1_0.studentPhone from Students s1_0 where s1_0.studentID=?
2025-03-23 15:59:18,744 INFO  [stdout] (default task-2) Hibernate: select s1_0.studentID,s1_0.studentAddress,s1_0.studentEmail,s1_0.studentName,s1_0.studentPhone from Students s1_0 where s1_0.studentID=?
2025-03-23 15:59:19,770 INFO  [stdout] (default task-2) Hibernate: select a1_0.accountID,a1_0.accountAlias,a1_0.accountBalance,a1_0.studentID from Accounts a1_0
2025-03-23 15:59:19,779 INFO  [stdout] (default task-2) Hibernate: select s1_0.studentID,s1_0.studentAddress,s1_0.studentEmail,s1_0.studentName,s1_0.studentPhone from Students s1_0 where s1_0.studentID=?
2025-03-23 15:59:19,792 INFO  [stdout] (default task-2) Hibernate: select a1_0.accountID,a1_0.accountAlias,a1_0.accountBalance,a1_0.studentID from Accounts a1_0 where a1_0.studentID=?
2025-03-23 15:59:19,800 INFO  [stdout] (default task-2) Hibernate: select s1_0.studentID,s1_0.studentAddress,s1_0.studentEmail,s1_0.studentName,s1_0.studentPhone from Students s1_0 where s1_0.studentID=?
2025-03-23 15:59:19,816 INFO  [stdout] (default task-2) Hibernate: select a1_0.accountID,a1_0.accountAlias,a1_0.accountBalance,a1_0.studentID from Accounts a1_0
2025-03-23 15:59:19,821 INFO  [stdout] (default task-2) Hibernate: select s1_0.studentID,s1_0.studentAddress,s1_0.studentEmail,s1_0.studentName,s1_0.studentPhone from Students s1_0 where s1_0.studentID=?
2025-03-23 15:59:19,830 INFO  [stdout] (default task-2) Hibernate: select a1_0.accountID,a1_0.accountAlias,a1_0.accountBalance,a1_0.studentID from Accounts a1_0 where a1_0.studentID=?
2025-03-23 15:59:19,842 INFO  [stdout] (default task-2) Hibernate: select s1_0.studentID,s1_0.studentAddress,s1_0.studentEmail,s1_0.studentName,s1_0.studentPhone from Students s1_0 where s1_0.studentID=?
2025-03-23 15:59:19,855 INFO  [stdout] (default task-2) Hibernate: select a1_0.accountID,a1_0.accountAlias,a1_0.accountBalance,a1_0.studentID from Accounts a1_0
2025-03-23 15:59:19,863 INFO  [stdout] (default task-2) Hibernate: select s1_0.studentID,s1_0.studentAddress,s1_0.studentEmail,s1_0.studentName,s1_0.studentPhone from Students s1_0 where s1_0.studentID=?
2025-03-23 15:59:19,863 INFO  [stdout] (default task-4) Hibernate: select a1_0.accountID,a1_0.accountAlias,a1_0.accountBalance,a1_0.studentID from Accounts a1_0
2025-03-23 15:59:19,868 INFO  [stdout] (default task-4) Hibernate: select s1_0.studentID,s1_0.studentAddress,s1_0.studentEmail,s1_0.studentName,s1_0.studentPhone from Students s1_0 where s1_0.studentID=?
2025-03-23 15:59:19,869 INFO  [stdout] (default task-2) Hibernate: select a1_0.accountID,a1_0.accountAlias,a1_0.accountBalance,a1_0.studentID from Accounts a1_0 where a1_0.studentID=?
2025-03-23 15:59:19,874 INFO  [stdout] (default task-4) Hibernate: select a1_0.accountID,a1_0.accountAlias,a1_0.accountBalance,a1_0.studentID from Accounts a1_0 where a1_0.studentID=?
2025-03-23 15:59:19,874 INFO  [stdout] (default task-2) Hibernate: select s1_0.studentID,s1_0.studentAddress,s1_0.studentEmail,s1_0.studentName,s1_0.studentPhone from Students s1_0 where s1_0.studentID=?
2025-03-23 15:59:19,880 INFO  [stdout] (default task-4) Hibernate: select s1_0.studentID,s1_0.studentAddress,s1_0.studentEmail,s1_0.studentName,s1_0.studentPhone from Students s1_0 where s1_0.studentID=?
2025-03-23 15:59:22,970 INFO  [stdout] (default task-4) Hibernate: select a1_0.accountID,a1_0.accountAlias,a1_0.accountBalance,a1_0.studentID from Accounts a1_0
2025-03-23 15:59:22,979 INFO  [stdout] (default task-4) Hibernate: select s1_0.studentID,s1_0.studentAddress,s1_0.studentEmail,s1_0.studentName,s1_0.studentPhone from Students s1_0 where s1_0.studentID=?
2025-03-23 15:59:22,998 INFO  [stdout] (default task-4) Hibernate: select a1_0.accountID,a1_0.accountAlias,a1_0.accountBalance,a1_0.studentID from Accounts a1_0
2025-03-23 15:59:23,003 INFO  [stdout] (default task-4) Hibernate: select s1_0.studentID,s1_0.studentAddress,s1_0.studentEmail,s1_0.studentName,s1_0.studentPhone from Students s1_0 where s1_0.studentID=?
2025-03-23 15:59:23,014 INFO  [stdout] (default task-4) Hibernate: select a1_0.accountID,a1_0.accountAlias,a1_0.accountBalance,a1_0.studentID from Accounts a1_0
2025-03-23 15:59:23,019 INFO  [stdout] (default task-4) Hibernate: select s1_0.studentID,s1_0.studentAddress,s1_0.studentEmail,s1_0.studentName,s1_0.studentPhone from Students s1_0 where s1_0.studentID=?
2025-03-23 15:59:23,031 INFO  [stdout] (default task-4) Hibernate: select a1_0.accountID,a1_0.accountAlias,a1_0.accountBalance,a1_0.studentID from Accounts a1_0
2025-03-23 15:59:23,035 INFO  [stdout] (default task-4) Hibernate: select s1_0.studentID,s1_0.studentAddress,s1_0.studentEmail,s1_0.studentName,s1_0.studentPhone from Students s1_0 where s1_0.studentID=?
2025-03-23 15:59:26,189 INFO  [stdout] (default task-4) Hibernate: select a1_0.accountID,a1_0.accountAlias,a1_0.accountBalance,a1_0.studentID from Accounts a1_0
2025-03-23 15:59:26,198 INFO  [stdout] (default task-4) Hibernate: select s1_0.studentID,s1_0.studentAddress,s1_0.studentEmail,s1_0.studentName,s1_0.studentPhone from Students s1_0 where s1_0.studentID=?
2025-03-23 15:59:26,209 INFO  [stdout] (default task-4) Hibernate: select s1_0.studentID,s1_0.studentAddress,s1_0.studentEmail,s1_0.studentName,s1_0.studentPhone from Students s1_0
2025-03-23 15:59:30,885 INFO  [stdout] (default task-4) Hibernate: select a1_0.accountID,a1_0.accountAlias,a1_0.accountBalance,a1_0.studentID from Accounts a1_0
2025-03-23 15:59:30,894 INFO  [stdout] (default task-4) Hibernate: select s1_0.studentID,s1_0.studentAddress,s1_0.studentEmail,s1_0.studentName,s1_0.studentPhone from Students s1_0 where s1_0.studentID=?
2025-03-23 15:59:30,913 INFO  [stdout] (default task-4) Hibernate: select a1_0.accountID,a1_0.accountAlias,a1_0.accountBalance,a1_0.studentID from Accounts a1_0
2025-03-23 15:59:30,919 INFO  [stdout] (default task-4) Hibernate: select s1_0.studentID,s1_0.studentAddress,s1_0.studentEmail,s1_0.studentName,s1_0.studentPhone from Students s1_0 where s1_0.studentID=?
2025-03-23 15:59:32,303 INFO  [stdout] (default task-4) Hibernate: select a1_0.accountID,a1_0.accountAlias,a1_0.accountBalance,a1_0.studentID from Accounts a1_0
2025-03-23 15:59:32,312 INFO  [stdout] (default task-4) Hibernate: select s1_0.studentID,s1_0.studentAddress,s1_0.studentEmail,s1_0.studentName,s1_0.studentPhone from Students s1_0 where s1_0.studentID=?
2025-03-23 15:59:32,324 INFO  [stdout] (default task-4) Hibernate: select a1_0.accountID,a1_0.accountAlias,a1_0.accountBalance,a1_0.studentID from Accounts a1_0 where a1_0.studentID=?
2025-03-23 15:59:32,346 INFO  [stdout] (default task-4) Hibernate: select a1_0.accountID,a1_0.accountAlias,a1_0.accountBalance,a1_0.studentID from Accounts a1_0
2025-03-23 15:59:32,351 INFO  [stdout] (default task-4) Hibernate: select s1_0.studentID,s1_0.studentAddress,s1_0.studentEmail,s1_0.studentName,s1_0.studentPhone from Students s1_0 where s1_0.studentID=?
2025-03-23 15:59:32,359 INFO  [stdout] (default task-4) Hibernate: select a1_0.accountID,a1_0.accountAlias,a1_0.accountBalance,a1_0.studentID from Accounts a1_0 where a1_0.studentID=?
2025-03-23 15:59:32,373 INFO  [stdout] (default task-4) Hibernate: select a1_0.accountID,a1_0.accountAlias,a1_0.accountBalance,a1_0.studentID from Accounts a1_0
2025-03-23 15:59:32,379 INFO  [stdout] (default task-4) Hibernate: select s1_0.studentID,s1_0.studentAddress,s1_0.studentEmail,s1_0.studentName,s1_0.studentPhone from Students s1_0 where s1_0.studentID=?
2025-03-23 15:59:32,384 INFO  [stdout] (default task-4) Hibernate: select a1_0.accountID,a1_0.accountAlias,a1_0.accountBalance,a1_0.studentID from Accounts a1_0 where a1_0.studentID=?
2025-03-23 15:59:32,395 INFO  [stdout] (default task-4) Hibernate: select a1_0.accountID,a1_0.accountAlias,a1_0.accountBalance,a1_0.studentID from Accounts a1_0
2025-03-23 15:59:32,399 INFO  [stdout] (default task-4) Hibernate: select s1_0.studentID,s1_0.studentAddress,s1_0.studentEmail,s1_0.studentName,s1_0.studentPhone from Students s1_0 where s1_0.studentID=?
2025-03-23 15:59:32,403 INFO  [stdout] (default task-4) Hibernate: select a1_0.accountID,a1_0.accountAlias,a1_0.accountBalance,a1_0.studentID from Accounts a1_0 where a1_0.studentID=?
2025-03-23 15:59:33,822 INFO  [stdout] (default task-4) Hibernate: select a1_0.accountID,a1_0.accountAlias,a1_0.accountBalance,a1_0.studentID from Accounts a1_0
2025-03-23 15:59:33,831 INFO  [stdout] (default task-4) Hibernate: select s1_0.studentID,s1_0.studentAddress,s1_0.studentEmail,s1_0.studentName,s1_0.studentPhone from Students s1_0 where s1_0.studentID=?
2025-03-23 15:59:33,847 INFO  [stdout] (default task-4) Hibernate: select a1_0.accountID,a1_0.accountAlias,a1_0.accountBalance,a1_0.studentID from Accounts a1_0
2025-03-23 15:59:33,853 INFO  [stdout] (default task-4) Hibernate: select s1_0.studentID,s1_0.studentAddress,s1_0.studentEmail,s1_0.studentName,s1_0.studentPhone from Students s1_0 where s1_0.studentID=?
2025-03-23 15:59:38,860 INFO  [stdout] (default task-4) Hibernate: select s1_0.studentID,s1_0.studentAddress,s1_0.studentEmail,s1_0.studentName,s1_0.studentPhone from Students s1_0 where s1_0.studentID=?
2025-03-23 15:59:38,879 INFO  [stdout] (default task-4) Account being created...
2025-03-23 15:59:38,885 INFO  [stdout] (default task-4) Hibernate: insert into Accounts (accountAlias,accountBalance,studentID) values (?,?,?)
2025-03-23 15:59:38,981 INFO  [stdout] (default task-4) Hibernate: select a1_0.accountID,a1_0.accountAlias,a1_0.accountBalance,a1_0.studentID from Accounts a1_0
2025-03-23 15:59:38,985 INFO  [stdout] (default task-4) Hibernate: select s1_0.studentID,s1_0.studentAddress,s1_0.studentEmail,s1_0.studentName,s1_0.studentPhone from Students s1_0 where s1_0.studentID=?
2025-03-23 15:59:38,997 INFO  [stdout] (default task-4) Hibernate: select a1_0.accountID,a1_0.accountAlias,a1_0.accountBalance,a1_0.studentID from Accounts a1_0
2025-03-23 15:59:39,001 INFO  [stdout] (default task-4) Hibernate: select s1_0.studentID,s1_0.studentAddress,s1_0.studentEmail,s1_0.studentName,s1_0.studentPhone from Students s1_0 where s1_0.studentID=?
2025-03-23 15:59:40,274 INFO  [stdout] (default task-4) Hibernate: select a1_0.accountID,a1_0.accountAlias,a1_0.accountBalance,a1_0.studentID from Accounts a1_0
2025-03-23 15:59:40,281 INFO  [stdout] (default task-4) Hibernate: select s1_0.studentID,s1_0.studentAddress,s1_0.studentEmail,s1_0.studentName,s1_0.studentPhone from Students s1_0 where s1_0.studentID=?
2025-03-23 15:59:40,296 INFO  [stdout] (default task-4) Hibernate: select a1_0.accountID,a1_0.accountAlias,a1_0.accountBalance,a1_0.studentID from Accounts a1_0 where a1_0.studentID=?
2025-03-23 15:59:40,308 INFO  [stdout] (default task-4) Hibernate: select a1_0.accountID,a1_0.accountAlias,a1_0.accountBalance,a1_0.studentID from Accounts a1_0
2025-03-23 15:59:40,314 INFO  [stdout] (default task-4) Hibernate: select s1_0.studentID,s1_0.studentAddress,s1_0.studentEmail,s1_0.studentName,s1_0.studentPhone from Students s1_0 where s1_0.studentID=?
2025-03-23 15:59:40,343 INFO  [stdout] (default task-4) Hibernate: select a1_0.accountID,a1_0.accountAlias,a1_0.accountBalance,a1_0.studentID from Accounts a1_0 where a1_0.studentID=?
2025-03-23 15:59:40,354 INFO  [stdout] (default task-4) Hibernate: select a1_0.accountID,a1_0.accountAlias,a1_0.accountBalance,a1_0.studentID from Accounts a1_0
2025-03-23 15:59:40,359 INFO  [stdout] (default task-4) Hibernate: select s1_0.studentID,s1_0.studentAddress,s1_0.studentEmail,s1_0.studentName,s1_0.studentPhone from Students s1_0 where s1_0.studentID=?
2025-03-23 15:59:40,365 INFO  [stdout] (default task-4) Hibernate: select a1_0.accountID,a1_0.accountAlias,a1_0.accountBalance,a1_0.studentID from Accounts a1_0 where a1_0.studentID=?
2025-03-23 15:59:40,372 INFO  [stdout] (default task-4) Hibernate: select a1_0.accountID,a1_0.accountAlias,a1_0.accountBalance,a1_0.studentID from Accounts a1_0
2025-03-23 15:59:40,377 INFO  [stdout] (default task-4) Hibernate: select s1_0.studentID,s1_0.studentAddress,s1_0.studentEmail,s1_0.studentName,s1_0.studentPhone from Students s1_0 where s1_0.studentID=?
2025-03-23 15:59:40,382 INFO  [stdout] (default task-4) Hibernate: select a1_0.accountID,a1_0.accountAlias,a1_0.accountBalance,a1_0.studentID from Accounts a1_0 where a1_0.studentID=?
2025-03-23 15:59:42,271 INFO  [stdout] (default task-4) Hibernate: select a1_0.accountID,a1_0.accountAlias,a1_0.accountBalance,a1_0.studentID from Accounts a1_0
2025-03-23 15:59:42,281 INFO  [stdout] (default task-4) Hibernate: select s1_0.studentID,s1_0.studentAddress,s1_0.studentEmail,s1_0.studentName,s1_0.studentPhone from Students s1_0 where s1_0.studentID=?
2025-03-23 15:59:42,312 INFO  [stdout] (default task-4) Hibernate: select a1_0.accountID,a1_0.accountAlias,a1_0.accountBalance,a1_0.studentID from Accounts a1_0
2025-03-23 15:59:42,318 INFO  [stdout] (default task-4) Hibernate: select s1_0.studentID,s1_0.studentAddress,s1_0.studentEmail,s1_0.studentName,s1_0.studentPhone from Students s1_0 where s1_0.studentID=?
2025-03-23 15:59:42,345 INFO  [stdout] (default task-4) Hibernate: select a1_0.accountID,a1_0.accountAlias,a1_0.accountBalance,a1_0.studentID from Accounts a1_0
2025-03-23 15:59:42,350 INFO  [stdout] (default task-4) Hibernate: select s1_0.studentID,s1_0.studentAddress,s1_0.studentEmail,s1_0.studentName,s1_0.studentPhone from Students s1_0 where s1_0.studentID=?
2025-03-23 15:59:42,362 INFO  [stdout] (default task-4) Hibernate: select a1_0.accountID,a1_0.accountAlias,a1_0.accountBalance,a1_0.studentID from Accounts a1_0
2025-03-23 15:59:42,365 INFO  [stdout] (default task-4) Hibernate: select s1_0.studentID,s1_0.studentAddress,s1_0.studentEmail,s1_0.studentName,s1_0.studentPhone from Students s1_0 where s1_0.studentID=?
2025-03-23 15:59:58,195 INFO  [stdout] (default task-4) Hibernate: select a1_0.accountID,a1_0.accountAlias,a1_0.accountBalance,a1_0.studentID from Accounts a1_0
2025-03-23 15:59:58,219 INFO  [stdout] (default task-4) Hibernate: select s1_0.studentID,s1_0.studentAddress,s1_0.studentEmail,s1_0.studentName,s1_0.studentPhone from Students s1_0 where s1_0.studentID=?
2025-03-23 15:59:58,235 INFO  [stdout] (default task-4) Hibernate: select a1_0.accountID,a1_0.accountAlias,a1_0.accountBalance,a1_0.studentID from Accounts a1_0 where a1_0.studentID=?
2025-03-23 15:59:58,253 INFO  [stdout] (default task-4) Hibernate: select a1_0.accountID,a1_0.accountAlias,a1_0.accountBalance,a1_0.studentID from Accounts a1_0
2025-03-23 15:59:58,263 INFO  [stdout] (default task-4) Hibernate: select s1_0.studentID,s1_0.studentAddress,s1_0.studentEmail,s1_0.studentName,s1_0.studentPhone from Students s1_0 where s1_0.studentID=?
2025-03-23 15:59:58,272 INFO  [stdout] (default task-4) Hibernate: select a1_0.accountID,a1_0.accountAlias,a1_0.accountBalance,a1_0.studentID from Accounts a1_0 where a1_0.studentID=?
2025-03-23 15:59:58,286 INFO  [stdout] (default task-4) Hibernate: select a1_0.accountID,a1_0.accountAlias,a1_0.accountBalance,a1_0.studentID from Accounts a1_0
2025-03-23 15:59:58,286 INFO  [stdout] (default task-2) Hibernate: select a1_0.accountID,a1_0.accountAlias,a1_0.accountBalance,a1_0.studentID from Accounts a1_0
2025-03-23 15:59:58,297 INFO  [stdout] (default task-4) Hibernate: select s1_0.studentID,s1_0.studentAddress,s1_0.studentEmail,s1_0.studentName,s1_0.studentPhone from Students s1_0 where s1_0.studentID=?
2025-03-23 15:59:58,301 INFO  [stdout] (default task-2) Hibernate: select s1_0.studentID,s1_0.studentAddress,s1_0.studentEmail,s1_0.studentName,s1_0.studentPhone from Students s1_0 where s1_0.studentID=?
2025-03-23 15:59:58,303 INFO  [stdout] (default task-4) Hibernate: select a1_0.accountID,a1_0.accountAlias,a1_0.accountBalance,a1_0.studentID from Accounts a1_0 where a1_0.studentID=?
2025-03-23 15:59:58,307 INFO  [stdout] (default task-2) Hibernate: select a1_0.accountID,a1_0.accountAlias,a1_0.accountBalance,a1_0.studentID from Accounts a1_0 where a1_0.studentID=?
2025-03-23 16:00:00,713 INFO  [stdout] (default task-2) Hibernate: select a1_0.accountID,a1_0.accountAlias,a1_0.accountBalance,a1_0.studentID from Accounts a1_0
2025-03-23 16:00:00,720 INFO  [stdout] (default task-2) Hibernate: select s1_0.studentID,s1_0.studentAddress,s1_0.studentEmail,s1_0.studentName,s1_0.studentPhone from Students s1_0 where s1_0.studentID=?
2025-03-23 16:00:00,738 INFO  [stdout] (default task-2) Hibernate: select a1_0.accountID,a1_0.accountAlias,a1_0.accountBalance,a1_0.studentID from Accounts a1_0
2025-03-23 16:00:00,745 INFO  [stdout] (default task-2) Hibernate: select s1_0.studentID,s1_0.studentAddress,s1_0.studentEmail,s1_0.studentName,s1_0.studentPhone from Students s1_0 where s1_0.studentID=?
2025-03-23 16:00:00,760 INFO  [stdout] (default task-2) Hibernate: select a1_0.accountID,a1_0.accountAlias,a1_0.accountBalance,a1_0.studentID from Accounts a1_0
2025-03-23 16:00:00,766 INFO  [stdout] (default task-2) Hibernate: select s1_0.studentID,s1_0.studentAddress,s1_0.studentEmail,s1_0.studentName,s1_0.studentPhone from Students s1_0 where s1_0.studentID=?
2025-03-23 16:00:00,777 INFO  [stdout] (default task-2) Hibernate: select a1_0.accountID,a1_0.accountAlias,a1_0.accountBalance,a1_0.studentID from Accounts a1_0
2025-03-23 16:00:00,788 INFO  [stdout] (default task-2) Hibernate: select s1_0.studentID,s1_0.studentAddress,s1_0.studentEmail,s1_0.studentName,s1_0.studentPhone from Students s1_0 where s1_0.studentID=?
2025-03-23 16:00:01,440 INFO  [stdout] (default task-2) Hibernate: select a1_0.accountID,a1_0.accountAlias,a1_0.accountBalance,a1_0.studentID from Accounts a1_0
2025-03-23 16:00:01,448 INFO  [stdout] (default task-2) Hibernate: select s1_0.studentID,s1_0.studentAddress,s1_0.studentEmail,s1_0.studentName,s1_0.studentPhone from Students s1_0 where s1_0.studentID=?
2025-03-23 16:00:01,464 INFO  [stdout] (default task-2) Hibernate: select a1_0.accountID,a1_0.accountAlias,a1_0.accountBalance,a1_0.studentID from Accounts a1_0
2025-03-23 16:00:01,470 INFO  [stdout] (default task-2) Hibernate: select s1_0.studentID,s1_0.studentAddress,s1_0.studentEmail,s1_0.studentName,s1_0.studentPhone from Students s1_0 where s1_0.studentID=?
2025-03-23 16:00:02,061 INFO  [stdout] (default task-2) Hibernate: select a1_0.accountID,a1_0.accountAlias,a1_0.accountBalance,a1_0.studentID from Accounts a1_0
2025-03-23 16:00:02,070 INFO  [stdout] (default task-2) Hibernate: select s1_0.studentID,s1_0.studentAddress,s1_0.studentEmail,s1_0.studentName,s1_0.studentPhone from Students s1_0 where s1_0.studentID=?
2025-03-23 16:00:02,084 INFO  [stdout] (default task-2) Hibernate: select a1_0.accountID,a1_0.accountAlias,a1_0.accountBalance,a1_0.studentID from Accounts a1_0 where a1_0.studentID=?
2025-03-23 16:00:02,105 INFO  [stdout] (default task-4) Hibernate: select a1_0.accountID,a1_0.accountAlias,a1_0.accountBalance,a1_0.studentID from Accounts a1_0
2025-03-23 16:00:02,106 INFO  [stdout] (default task-2) Hibernate: select a1_0.accountID,a1_0.accountAlias,a1_0.accountBalance,a1_0.studentID from Accounts a1_0
2025-03-23 16:00:02,114 INFO  [stdout] (default task-2) Hibernate: select s1_0.studentID,s1_0.studentAddress,s1_0.studentEmail,s1_0.studentName,s1_0.studentPhone from Students s1_0 where s1_0.studentID=?
2025-03-23 16:00:02,114 INFO  [stdout] (default task-4) Hibernate: select s1_0.studentID,s1_0.studentAddress,s1_0.studentEmail,s1_0.studentName,s1_0.studentPhone from Students s1_0 where s1_0.studentID=?
2025-03-23 16:00:02,120 INFO  [stdout] (default task-4) Hibernate: select a1_0.accountID,a1_0.accountAlias,a1_0.accountBalance,a1_0.studentID from Accounts a1_0 where a1_0.studentID=?
2025-03-23 16:00:02,121 INFO  [stdout] (default task-2) Hibernate: select a1_0.accountID,a1_0.accountAlias,a1_0.accountBalance,a1_0.studentID from Accounts a1_0 where a1_0.studentID=?
2025-03-23 16:00:02,133 INFO  [stdout] (default task-2) Hibernate: select a1_0.accountID,a1_0.accountAlias,a1_0.accountBalance,a1_0.studentID from Accounts a1_0
2025-03-23 16:00:02,137 INFO  [stdout] (default task-2) Hibernate: select s1_0.studentID,s1_0.studentAddress,s1_0.studentEmail,s1_0.studentName,s1_0.studentPhone from Students s1_0 where s1_0.studentID=?
2025-03-23 16:00:02,145 INFO  [stdout] (default task-2) Hibernate: select a1_0.accountID,a1_0.accountAlias,a1_0.accountBalance,a1_0.studentID from Accounts a1_0 where a1_0.studentID=?
2025-03-23 16:00:03,355 INFO  [stdout] (default task-2) Hibernate: select a1_0.accountID,a1_0.accountAlias,a1_0.accountBalance,a1_0.studentID from Accounts a1_0
2025-03-23 16:00:03,361 INFO  [stdout] (default task-2) Hibernate: select s1_0.studentID,s1_0.studentAddress,s1_0.studentEmail,s1_0.studentName,s1_0.studentPhone from Students s1_0 where s1_0.studentID=?
2025-03-23 16:00:03,370 INFO  [stdout] (default task-4) Hibernate: select a1_0.accountID,a1_0.accountAlias,a1_0.accountBalance,a1_0.studentID from Accounts a1_0
2025-03-23 16:00:03,370 INFO  [stdout] (default task-3) Hibernate: select a1_0.accountID,a1_0.accountAlias,a1_0.accountBalance,a1_0.studentID from Accounts a1_0
2025-03-23 16:00:03,370 INFO  [stdout] (default task-2) Hibernate: select a1_0.accountID,a1_0.accountAlias,a1_0.accountBalance,a1_0.studentID from Accounts a1_0
2025-03-23 16:00:03,374 INFO  [stdout] (default task-3) Hibernate: select s1_0.studentID,s1_0.studentAddress,s1_0.studentEmail,s1_0.studentName,s1_0.studentPhone from Students s1_0 where s1_0.studentID=?
2025-03-23 16:00:03,374 INFO  [stdout] (default task-4) Hibernate: select s1_0.studentID,s1_0.studentAddress,s1_0.studentEmail,s1_0.studentName,s1_0.studentPhone from Students s1_0 where s1_0.studentID=?
2025-03-23 16:00:03,374 INFO  [stdout] (default task-2) Hibernate: select s1_0.studentID,s1_0.studentAddress,s1_0.studentEmail,s1_0.studentName,s1_0.studentPhone from Students s1_0 where s1_0.studentID=?
2025-03-23 16:00:03,870 INFO  [stdout] (default task-3) Hibernate: select a1_0.accountID,a1_0.accountAlias,a1_0.accountBalance,a1_0.studentID from Accounts a1_0
2025-03-23 16:00:03,870 INFO  [stdout] (default task-4) Hibernate: select a1_0.accountID,a1_0.accountAlias,a1_0.accountBalance,a1_0.studentID from Accounts a1_0
2025-03-23 16:00:03,874 INFO  [stdout] (default task-4) Hibernate: select s1_0.studentID,s1_0.studentAddress,s1_0.studentEmail,s1_0.studentName,s1_0.studentPhone from Students s1_0 where s1_0.studentID=?
2025-03-23 16:00:03,875 INFO  [stdout] (default task-3) Hibernate: select s1_0.studentID,s1_0.studentAddress,s1_0.studentEmail,s1_0.studentName,s1_0.studentPhone from Students s1_0 where s1_0.studentID=?
2025-03-23 16:00:07,472 INFO  [stdout] (default task-3) Hibernate: select a1_0.accountID,a1_0.accountAlias,a1_0.accountBalance,a1_0.studentID from Accounts a1_0
2025-03-23 16:00:07,477 INFO  [stdout] (default task-3) Hibernate: select s1_0.studentID,s1_0.studentAddress,s1_0.studentEmail,s1_0.studentName,s1_0.studentPhone from Students s1_0 where s1_0.studentID=?
2025-03-23 16:00:07,486 INFO  [stdout] (default task-3) Hibernate: select a1_0.accountID,a1_0.accountAlias,a1_0.accountBalance,a1_0.studentID from Accounts a1_0
2025-03-23 16:00:07,489 INFO  [stdout] (default task-3) Hibernate: select s1_0.studentID,s1_0.studentAddress,s1_0.studentEmail,s1_0.studentName,s1_0.studentPhone from Students s1_0 where s1_0.studentID=?
2025-03-23 16:00:08,627 INFO  [stdout] (default task-3) Hibernate: select a1_0.accountID,a1_0.accountAlias,a1_0.accountBalance,a1_0.studentID from Accounts a1_0
2025-03-23 16:00:08,627 INFO  [stdout] (default task-4) Hibernate: select a1_0.accountID,a1_0.accountAlias,a1_0.accountBalance,a1_0.studentID from Accounts a1_0
2025-03-23 16:00:08,634 INFO  [stdout] (default task-3) Hibernate: select s1_0.studentID,s1_0.studentAddress,s1_0.studentEmail,s1_0.studentName,s1_0.studentPhone from Students s1_0 where s1_0.studentID=?
2025-03-23 16:00:08,634 INFO  [stdout] (default task-4) Hibernate: select s1_0.studentID,s1_0.studentAddress,s1_0.studentEmail,s1_0.studentName,s1_0.studentPhone from Students s1_0 where s1_0.studentID=?
2025-03-23 16:00:08,647 INFO  [stdout] (default task-3) Hibernate: select s1_0.studentID,s1_0.studentAddress,s1_0.studentEmail,s1_0.studentName,s1_0.studentPhone from Students s1_0
2025-03-23 16:00:08,648 INFO  [stdout] (default task-4) Hibernate: select s1_0.studentID,s1_0.studentAddress,s1_0.studentEmail,s1_0.studentName,s1_0.studentPhone from Students s1_0
2025-03-23 16:00:08,712 INFO  [stdout] (default task-4) Hibernate: select a1_0.accountID,a1_0.accountAlias,a1_0.accountBalance,a1_0.studentID from Accounts a1_0
2025-03-23 16:00:08,713 INFO  [stdout] (default task-3) Hibernate: select a1_0.accountID,a1_0.accountAlias,a1_0.accountBalance,a1_0.studentID from Accounts a1_0
2025-03-23 16:00:08,716 INFO  [stdout] (default task-3) Hibernate: select s1_0.studentID,s1_0.studentAddress,s1_0.studentEmail,s1_0.studentName,s1_0.studentPhone from Students s1_0 where s1_0.studentID=?
2025-03-23 16:00:08,716 INFO  [stdout] (default task-4) Hibernate: select s1_0.studentID,s1_0.studentAddress,s1_0.studentEmail,s1_0.studentName,s1_0.studentPhone from Students s1_0 where s1_0.studentID=?
2025-03-23 16:00:08,720 INFO  [stdout] (default task-4) Hibernate: select s1_0.studentID,s1_0.studentAddress,s1_0.studentEmail,s1_0.studentName,s1_0.studentPhone from Students s1_0
2025-03-23 16:00:08,721 INFO  [stdout] (default task-3) Hibernate: select s1_0.studentID,s1_0.studentAddress,s1_0.studentEmail,s1_0.studentName,s1_0.studentPhone from Students s1_0
2025-03-23 16:00:10,241 INFO  [stdout] (default task-4) Hibernate: select a1_0.accountID,a1_0.accountAlias,a1_0.accountBalance,a1_0.studentID from Accounts a1_0
2025-03-23 16:00:10,250 INFO  [stdout] (default task-4) Hibernate: select s1_0.studentID,s1_0.studentAddress,s1_0.studentEmail,s1_0.studentName,s1_0.studentPhone from Students s1_0 where s1_0.studentID=?
2025-03-23 16:00:10,264 INFO  [stdout] (default task-4) Hibernate: select a1_0.accountID,a1_0.accountAlias,a1_0.accountBalance,a1_0.studentID from Accounts a1_0
2025-03-23 16:00:10,269 INFO  [stdout] (default task-4) Hibernate: select s1_0.studentID,s1_0.studentAddress,s1_0.studentEmail,s1_0.studentName,s1_0.studentPhone from Students s1_0 where s1_0.studentID=?
2025-03-23 16:00:10,284 INFO  [stdout] (default task-4) Hibernate: select a1_0.accountID,a1_0.accountAlias,a1_0.accountBalance,a1_0.studentID from Accounts a1_0
2025-03-23 16:00:10,290 INFO  [stdout] (default task-4) Hibernate: select s1_0.studentID,s1_0.studentAddress,s1_0.studentEmail,s1_0.studentName,s1_0.studentPhone from Students s1_0 where s1_0.studentID=?
2025-03-23 16:00:10,301 INFO  [stdout] (default task-4) Hibernate: select a1_0.accountID,a1_0.accountAlias,a1_0.accountBalance,a1_0.studentID from Accounts a1_0
2025-03-23 16:00:10,307 INFO  [stdout] (default task-4) Hibernate: select s1_0.studentID,s1_0.studentAddress,s1_0.studentEmail,s1_0.studentName,s1_0.studentPhone from Students s1_0 where s1_0.studentID=?
2025-03-23 16:00:10,825 INFO  [stdout] (default task-4) Hibernate: select a1_0.accountID,a1_0.accountAlias,a1_0.accountBalance,a1_0.studentID from Accounts a1_0
2025-03-23 16:00:10,833 INFO  [stdout] (default task-4) Hibernate: select s1_0.studentID,s1_0.studentAddress,s1_0.studentEmail,s1_0.studentName,s1_0.studentPhone from Students s1_0 where s1_0.studentID=?
2025-03-23 16:00:10,843 INFO  [stdout] (default task-4) Hibernate: select a1_0.accountID,a1_0.accountAlias,a1_0.accountBalance,a1_0.studentID from Accounts a1_0 where a1_0.studentID=?
2025-03-23 16:00:10,857 INFO  [stdout] (default task-4) Hibernate: select a1_0.accountID,a1_0.accountAlias,a1_0.accountBalance,a1_0.studentID from Accounts a1_0
2025-03-23 16:00:10,861 INFO  [stdout] (default task-4) Hibernate: select s1_0.studentID,s1_0.studentAddress,s1_0.studentEmail,s1_0.studentName,s1_0.studentPhone from Students s1_0 where s1_0.studentID=?
2025-03-23 16:00:10,866 INFO  [stdout] (default task-4) Hibernate: select a1_0.accountID,a1_0.accountAlias,a1_0.accountBalance,a1_0.studentID from Accounts a1_0 where a1_0.studentID=?
2025-03-23 16:00:10,874 INFO  [stdout] (default task-4) Hibernate: select a1_0.accountID,a1_0.accountAlias,a1_0.accountBalance,a1_0.studentID from Accounts a1_0
2025-03-23 16:00:10,878 INFO  [stdout] (default task-4) Hibernate: select s1_0.studentID,s1_0.studentAddress,s1_0.studentEmail,s1_0.studentName,s1_0.studentPhone from Students s1_0 where s1_0.studentID=?
2025-03-23 16:00:10,884 INFO  [stdout] (default task-4) Hibernate: select a1_0.accountID,a1_0.accountAlias,a1_0.accountBalance,a1_0.studentID from Accounts a1_0 where a1_0.studentID=?
2025-03-23 16:00:10,891 INFO  [stdout] (default task-4) Hibernate: select a1_0.accountID,a1_0.accountAlias,a1_0.accountBalance,a1_0.studentID from Accounts a1_0
2025-03-23 16:00:10,895 INFO  [stdout] (default task-4) Hibernate: select s1_0.studentID,s1_0.studentAddress,s1_0.studentEmail,s1_0.studentName,s1_0.studentPhone from Students s1_0 where s1_0.studentID=?
2025-03-23 16:00:10,899 INFO  [stdout] (default task-4) Hibernate: select a1_0.accountID,a1_0.accountAlias,a1_0.accountBalance,a1_0.studentID from Accounts a1_0 where a1_0.studentID=?
2025-03-23 16:00:11,854 INFO  [stdout] (default task-4) Hibernate: select a1_0.accountID,a1_0.accountAlias,a1_0.accountBalance,a1_0.studentID from Accounts a1_0
2025-03-23 16:00:11,862 INFO  [stdout] (default task-4) Hibernate: select s1_0.studentID,s1_0.studentAddress,s1_0.studentEmail,s1_0.studentName,s1_0.studentPhone from Students s1_0 where s1_0.studentID=?
2025-03-23 16:00:11,877 INFO  [stdout] (default task-4) Hibernate: select a1_0.accountID,a1_0.accountAlias,a1_0.accountBalance,a1_0.studentID from Accounts a1_0
2025-03-23 16:00:11,885 INFO  [stdout] (default task-4) Hibernate: select s1_0.studentID,s1_0.studentAddress,s1_0.studentEmail,s1_0.studentName,s1_0.studentPhone from Students s1_0 where s1_0.studentID=?
2025-03-23 16:00:11,897 INFO  [stdout] (default task-4) Hibernate: select a1_0.accountID,a1_0.accountAlias,a1_0.accountBalance,a1_0.studentID from Accounts a1_0
2025-03-23 16:00:11,897 INFO  [stdout] (default task-3) Hibernate: select a1_0.accountID,a1_0.accountAlias,a1_0.accountBalance,a1_0.studentID from Accounts a1_0
2025-03-23 16:00:11,901 INFO  [stdout] (default task-4) Hibernate: select s1_0.studentID,s1_0.studentAddress,s1_0.studentEmail,s1_0.studentName,s1_0.studentPhone from Students s1_0 where s1_0.studentID=?
2025-03-23 16:00:11,901 INFO  [stdout] (default task-3) Hibernate: select s1_0.studentID,s1_0.studentAddress,s1_0.studentEmail,s1_0.studentName,s1_0.studentPhone from Students s1_0 where s1_0.studentID=?
2025-03-23 16:00:12,510 INFO  [stdout] (default task-3) Hibernate: select a1_0.accountID,a1_0.accountAlias,a1_0.accountBalance,a1_0.studentID from Accounts a1_0
2025-03-23 16:00:12,512 INFO  [stdout] (default task-4) Hibernate: select a1_0.accountID,a1_0.accountAlias,a1_0.accountBalance,a1_0.studentID from Accounts a1_0
2025-03-23 16:00:12,517 INFO  [stdout] (default task-4) Hibernate: select s1_0.studentID,s1_0.studentAddress,s1_0.studentEmail,s1_0.studentName,s1_0.studentPhone from Students s1_0 where s1_0.studentID=?
2025-03-23 16:00:12,522 INFO  [stdout] (default task-3) Hibernate: select s1_0.studentID,s1_0.studentAddress,s1_0.studentEmail,s1_0.studentName,s1_0.studentPhone from Students s1_0 where s1_0.studentID=?
2025-03-23 16:00:13,474 INFO  [stdout] (default task-3) Hibernate: select a1_0.accountID,a1_0.accountAlias,a1_0.accountBalance,a1_0.studentID from Accounts a1_0
2025-03-23 16:00:13,480 INFO  [stdout] (default task-3) Hibernate: select s1_0.studentID,s1_0.studentAddress,s1_0.studentEmail,s1_0.studentName,s1_0.studentPhone from Students s1_0 where s1_0.studentID=?
2025-03-23 16:00:13,486 INFO  [stdout] (default task-3) Hibernate: select s1_0.studentID,s1_0.studentAddress,s1_0.studentEmail,s1_0.studentName,s1_0.studentPhone from Students s1_0
2025-03-23 16:00:14,716 INFO  [stdout] (default task-3) Hibernate: select a1_0.accountID,a1_0.accountAlias,a1_0.accountBalance,a1_0.studentID from Accounts a1_0
2025-03-23 16:00:14,721 INFO  [stdout] (default task-3) Hibernate: select s1_0.studentID,s1_0.studentAddress,s1_0.studentEmail,s1_0.studentName,s1_0.studentPhone from Students s1_0 where s1_0.studentID=?
2025-03-23 16:00:14,731 INFO  [stdout] (default task-3) Hibernate: select a1_0.accountID,a1_0.accountAlias,a1_0.accountBalance,a1_0.studentID from Accounts a1_0
2025-03-23 16:00:14,734 INFO  [stdout] (default task-3) Hibernate: select s1_0.studentID,s1_0.studentAddress,s1_0.studentEmail,s1_0.studentName,s1_0.studentPhone from Students s1_0 where s1_0.studentID=?
2025-03-23 16:00:15,594 INFO  [stdout] (default task-3) Hibernate: select a1_0.accountID,a1_0.accountAlias,a1_0.accountBalance,a1_0.studentID from Accounts a1_0
2025-03-23 16:00:15,602 INFO  [stdout] (default task-3) Hibernate: select s1_0.studentID,s1_0.studentAddress,s1_0.studentEmail,s1_0.studentName,s1_0.studentPhone from Students s1_0 where s1_0.studentID=?
2025-03-23 16:00:15,616 INFO  [stdout] (default task-3) Hibernate: select a1_0.accountID,a1_0.accountAlias,a1_0.accountBalance,a1_0.studentID from Accounts a1_0 where a1_0.studentID=?
2025-03-23 16:00:15,625 INFO  [stdout] (default task-3) Hibernate: select s1_0.studentID,s1_0.studentAddress,s1_0.studentEmail,s1_0.studentName,s1_0.studentPhone from Students s1_0 where s1_0.studentID=?
2025-03-23 16:00:15,637 INFO  [stdout] (default task-4) Hibernate: select a1_0.accountID,a1_0.accountAlias,a1_0.accountBalance,a1_0.studentID from Accounts a1_0
2025-03-23 16:00:15,638 INFO  [stdout] (default task-3) Hibernate: select a1_0.accountID,a1_0.accountAlias,a1_0.accountBalance,a1_0.studentID from Accounts a1_0
2025-03-23 16:00:15,643 INFO  [stdout] (default task-3) Hibernate: select s1_0.studentID,s1_0.studentAddress,s1_0.studentEmail,s1_0.studentName,s1_0.studentPhone from Students s1_0 where s1_0.studentID=?
2025-03-23 16:00:15,643 INFO  [stdout] (default task-4) Hibernate: select s1_0.studentID,s1_0.studentAddress,s1_0.studentEmail,s1_0.studentName,s1_0.studentPhone from Students s1_0 where s1_0.studentID=?
2025-03-23 16:00:15,650 INFO  [stdout] (default task-4) Hibernate: select a1_0.accountID,a1_0.accountAlias,a1_0.accountBalance,a1_0.studentID from Accounts a1_0 where a1_0.studentID=?
2025-03-23 16:00:15,650 INFO  [stdout] (default task-3) Hibernate: select a1_0.accountID,a1_0.accountAlias,a1_0.accountBalance,a1_0.studentID from Accounts a1_0 where a1_0.studentID=?
2025-03-23 16:00:15,654 INFO  [stdout] (default task-3) Hibernate: select s1_0.studentID,s1_0.studentAddress,s1_0.studentEmail,s1_0.studentName,s1_0.studentPhone from Students s1_0 where s1_0.studentID=?
2025-03-23 16:00:15,654 INFO  [stdout] (default task-4) Hibernate: select s1_0.studentID,s1_0.studentAddress,s1_0.studentEmail,s1_0.studentName,s1_0.studentPhone from Students s1_0 where s1_0.studentID=?
2025-03-23 16:00:15,671 INFO  [stdout] (default task-4) Hibernate: select a1_0.accountID,a1_0.accountAlias,a1_0.accountBalance,a1_0.studentID from Accounts a1_0
2025-03-23 16:00:15,678 INFO  [stdout] (default task-4) Hibernate: select s1_0.studentID,s1_0.studentAddress,s1_0.studentEmail,s1_0.studentName,s1_0.studentPhone from Students s1_0 where s1_0.studentID=?
2025-03-23 16:00:15,683 INFO  [stdout] (default task-4) Hibernate: select a1_0.accountID,a1_0.accountAlias,a1_0.accountBalance,a1_0.studentID from Accounts a1_0 where a1_0.studentID=?
2025-03-23 16:00:15,686 INFO  [stdout] (default task-4) Hibernate: select s1_0.studentID,s1_0.studentAddress,s1_0.studentEmail,s1_0.studentName,s1_0.studentPhone from Students s1_0 where s1_0.studentID=?
2025-03-23 16:00:31,458 INFO  [stdout] (default task-4) Hibernate: select a1_0.accountID,a1_0.accountAlias,a1_0.accountBalance,a1_0.studentID from Accounts a1_0
2025-03-23 16:00:31,484 INFO  [stdout] (default task-4) Hibernate: select s1_0.studentID,s1_0.studentAddress,s1_0.studentEmail,s1_0.studentName,s1_0.studentPhone from Students s1_0 where s1_0.studentID=?
2025-03-23 16:00:31,493 INFO  [stdout] (default task-4) Hibernate: select s1_0.studentID,s1_0.studentAddress,s1_0.studentEmail,s1_0.studentName,s1_0.studentPhone from Students s1_0
2025-03-23 16:00:31,508 INFO  [stdout] (default task-4) Hibernate: select a1_0.accountID,a1_0.accountAlias,a1_0.accountBalance,a1_0.studentID from Accounts a1_0
2025-03-23 16:00:31,512 INFO  [stdout] (default task-4) Hibernate: select s1_0.studentID,s1_0.studentAddress,s1_0.studentEmail,s1_0.studentName,s1_0.studentPhone from Students s1_0 where s1_0.studentID=?
2025-03-23 16:00:31,516 INFO  [stdout] (default task-4) Hibernate: select s1_0.studentID,s1_0.studentAddress,s1_0.studentEmail,s1_0.studentName,s1_0.studentPhone from Students s1_0
2025-03-23 16:00:31,525 INFO  [stdout] (default task-3) Hibernate: select a1_0.accountID,a1_0.accountAlias,a1_0.accountBalance,a1_0.studentID from Accounts a1_0
2025-03-23 16:00:31,526 INFO  [stdout] (default task-4) Hibernate: select a1_0.accountID,a1_0.accountAlias,a1_0.accountBalance,a1_0.studentID from Accounts a1_0
2025-03-23 16:00:31,536 INFO  [stdout] (default task-3) Hibernate: select s1_0.studentID,s1_0.studentAddress,s1_0.studentEmail,s1_0.studentName,s1_0.studentPhone from Students s1_0 where s1_0.studentID=?
2025-03-23 16:00:31,539 INFO  [stdout] (default task-4) Hibernate: select s1_0.studentID,s1_0.studentAddress,s1_0.studentEmail,s1_0.studentName,s1_0.studentPhone from Students s1_0 where s1_0.studentID=?
2025-03-23 16:00:31,545 INFO  [stdout] (default task-3) Hibernate: select s1_0.studentID,s1_0.studentAddress,s1_0.studentEmail,s1_0.studentName,s1_0.studentPhone from Students s1_0
2025-03-23 16:00:31,549 INFO  [stdout] (default task-4) Hibernate: select s1_0.studentID,s1_0.studentAddress,s1_0.studentEmail,s1_0.studentName,s1_0.studentPhone from Students s1_0
2025-03-23 16:00:40,456 INFO  [stdout] (default task-4) Hibernate: select a1_0.accountID,a1_0.accountAlias,a1_0.accountBalance,a1_0.studentID from Accounts a1_0
2025-03-23 16:00:40,465 INFO  [stdout] (default task-4) Hibernate: select s1_0.studentID,s1_0.studentAddress,s1_0.studentEmail,s1_0.studentName,s1_0.studentPhone from Students s1_0 where s1_0.studentID=?
2025-03-23 16:00:40,476 INFO  [stdout] (default task-4) Hibernate: select a1_0.accountID,a1_0.accountAlias,a1_0.accountBalance,a1_0.studentID from Accounts a1_0 where a1_0.studentID=?
2025-03-23 16:00:40,485 INFO  [stdout] (default task-4) Hibernate: select s1_0.studentID,s1_0.studentAddress,s1_0.studentEmail,s1_0.studentName,s1_0.studentPhone from Students s1_0 where s1_0.studentID=?
2025-03-23 16:00:40,499 INFO  [stdout] (default task-4) Hibernate: select a1_0.accountID,a1_0.accountAlias,a1_0.accountBalance,a1_0.studentID from Accounts a1_0
2025-03-23 16:00:40,504 INFO  [stdout] (default task-4) Hibernate: select s1_0.studentID,s1_0.studentAddress,s1_0.studentEmail,s1_0.studentName,s1_0.studentPhone from Students s1_0 where s1_0.studentID=?
2025-03-23 16:00:40,509 INFO  [stdout] (default task-4) Hibernate: select a1_0.accountID,a1_0.accountAlias,a1_0.accountBalance,a1_0.studentID from Accounts a1_0 where a1_0.studentID=?
2025-03-23 16:00:40,516 INFO  [stdout] (default task-4) Hibernate: select s1_0.studentID,s1_0.studentAddress,s1_0.studentEmail,s1_0.studentName,s1_0.studentPhone from Students s1_0 where s1_0.studentID=?
2025-03-23 16:00:40,526 INFO  [stdout] (default task-4) Hibernate: select a1_0.accountID,a1_0.accountAlias,a1_0.accountBalance,a1_0.studentID from Accounts a1_0
2025-03-23 16:00:40,531 INFO  [stdout] (default task-4) Hibernate: select s1_0.studentID,s1_0.studentAddress,s1_0.studentEmail,s1_0.studentName,s1_0.studentPhone from Students s1_0 where s1_0.studentID=?
2025-03-23 16:00:40,534 INFO  [stdout] (default task-4) Hibernate: select a1_0.accountID,a1_0.accountAlias,a1_0.accountBalance,a1_0.studentID from Accounts a1_0 where a1_0.studentID=?
2025-03-23 16:00:40,537 INFO  [stdout] (default task-4) Hibernate: select s1_0.studentID,s1_0.studentAddress,s1_0.studentEmail,s1_0.studentName,s1_0.studentPhone from Students s1_0 where s1_0.studentID=?
2025-03-23 16:00:40,545 INFO  [stdout] (default task-4) Hibernate: select a1_0.accountID,a1_0.accountAlias,a1_0.accountBalance,a1_0.studentID from Accounts a1_0
2025-03-23 16:00:40,550 INFO  [stdout] (default task-4) Hibernate: select s1_0.studentID,s1_0.studentAddress,s1_0.studentEmail,s1_0.studentName,s1_0.studentPhone from Students s1_0 where s1_0.studentID=?
2025-03-23 16:00:40,554 INFO  [stdout] (default task-4) Hibernate: select a1_0.accountID,a1_0.accountAlias,a1_0.accountBalance,a1_0.studentID from Accounts a1_0 where a1_0.studentID=?
2025-03-23 16:00:40,559 INFO  [stdout] (default task-4) Hibernate: select s1_0.studentID,s1_0.studentAddress,s1_0.studentEmail,s1_0.studentName,s1_0.studentPhone from Students s1_0 where s1_0.studentID=?
2025-03-23 16:00:42,030 INFO  [stdout] (default task-4) Hibernate: select a1_0.accountID,a1_0.accountAlias,a1_0.accountBalance,a1_0.studentID from Accounts a1_0
2025-03-23 16:00:42,036 INFO  [stdout] (default task-4) Hibernate: select s1_0.studentID,s1_0.studentAddress,s1_0.studentEmail,s1_0.studentName,s1_0.studentPhone from Students s1_0 where s1_0.studentID=?
2025-03-23 16:00:42,138 INFO  [stdout] (default task-4) Hibernate: select a1_0.accountID,a1_0.accountAlias,a1_0.accountBalance,a1_0.studentID from Accounts a1_0
2025-03-23 16:00:42,139 INFO  [stdout] (default task-2) Hibernate: select a1_0.accountID,a1_0.accountAlias,a1_0.accountBalance,a1_0.studentID from Accounts a1_0
2025-03-23 16:00:42,139 INFO  [stdout] (default task-3) Hibernate: select a1_0.accountID,a1_0.accountAlias,a1_0.accountBalance,a1_0.studentID from Accounts a1_0
2025-03-23 16:00:42,144 INFO  [stdout] (default task-2) Hibernate: select s1_0.studentID,s1_0.studentAddress,s1_0.studentEmail,s1_0.studentName,s1_0.studentPhone from Students s1_0 where s1_0.studentID=?
2025-03-23 16:00:42,145 INFO  [stdout] (default task-4) Hibernate: select s1_0.studentID,s1_0.studentAddress,s1_0.studentEmail,s1_0.studentName,s1_0.studentPhone from Students s1_0 where s1_0.studentID=?
2025-03-23 16:00:42,146 INFO  [stdout] (default task-3) Hibernate: select s1_0.studentID,s1_0.studentAddress,s1_0.studentEmail,s1_0.studentName,s1_0.studentPhone from Students s1_0 where s1_0.studentID=?
2025-03-23 16:00:43,872 INFO  [stdout] (default task-2) Hibernate: select a1_0.accountID,a1_0.accountAlias,a1_0.accountBalance,a1_0.studentID from Accounts a1_0
2025-03-23 16:00:43,879 INFO  [stdout] (default task-2) Hibernate: select s1_0.studentID,s1_0.studentAddress,s1_0.studentEmail,s1_0.studentName,s1_0.studentPhone from Students s1_0 where s1_0.studentID=?
2025-03-23 16:00:43,889 INFO  [stdout] (default task-2) Hibernate: select s1_0.studentID,s1_0.studentAddress,s1_0.studentEmail,s1_0.studentName,s1_0.studentPhone from Students s1_0
2025-03-23 16:00:43,909 INFO  [stdout] (default task-3) Hibernate: select a1_0.accountID,a1_0.accountAlias,a1_0.accountBalance,a1_0.studentID from Accounts a1_0
2025-03-23 16:00:43,909 INFO  [stdout] (default task-2) Hibernate: select a1_0.accountID,a1_0.accountAlias,a1_0.accountBalance,a1_0.studentID from Accounts a1_0
2025-03-23 16:00:43,913 INFO  [stdout] (default task-2) Hibernate: select s1_0.studentID,s1_0.studentAddress,s1_0.studentEmail,s1_0.studentName,s1_0.studentPhone from Students s1_0 where s1_0.studentID=?
2025-03-23 16:00:43,914 INFO  [stdout] (default task-3) Hibernate: select s1_0.studentID,s1_0.studentAddress,s1_0.studentEmail,s1_0.studentName,s1_0.studentPhone from Students s1_0 where s1_0.studentID=?
2025-03-23 16:00:43,919 INFO  [stdout] (default task-2) Hibernate: select s1_0.studentID,s1_0.studentAddress,s1_0.studentEmail,s1_0.studentName,s1_0.studentPhone from Students s1_0
2025-03-23 16:00:43,919 INFO  [stdout] (default task-3) Hibernate: select s1_0.studentID,s1_0.studentAddress,s1_0.studentEmail,s1_0.studentName,s1_0.studentPhone from Students s1_0
2025-03-23 16:00:43,933 INFO  [stdout] (default task-2) Hibernate: select a1_0.accountID,a1_0.accountAlias,a1_0.accountBalance,a1_0.studentID from Accounts a1_0
2025-03-23 16:00:43,938 INFO  [stdout] (default task-2) Hibernate: select s1_0.studentID,s1_0.studentAddress,s1_0.studentEmail,s1_0.studentName,s1_0.studentPhone from Students s1_0 where s1_0.studentID=?
2025-03-23 16:00:43,944 INFO  [stdout] (default task-2) Hibernate: select s1_0.studentID,s1_0.studentAddress,s1_0.studentEmail,s1_0.studentName,s1_0.studentPhone from Students s1_0
2025-03-23 16:00:45,388 INFO  [stdout] (default task-2) Hibernate: select a1_0.accountID,a1_0.accountAlias,a1_0.accountBalance,a1_0.studentID from Accounts a1_0
2025-03-23 16:00:45,397 INFO  [stdout] (default task-2) Hibernate: select s1_0.studentID,s1_0.studentAddress,s1_0.studentEmail,s1_0.studentName,s1_0.studentPhone from Students s1_0 where s1_0.studentID=?
2025-03-23 16:00:45,407 INFO  [stdout] (default task-2) Hibernate: select a1_0.accountID,a1_0.accountAlias,a1_0.accountBalance,a1_0.studentID from Accounts a1_0 where a1_0.studentID=?
2025-03-23 16:00:45,415 INFO  [stdout] (default task-2) Hibernate: select s1_0.studentID,s1_0.studentAddress,s1_0.studentEmail,s1_0.studentName,s1_0.studentPhone from Students s1_0 where s1_0.studentID=?
2025-03-23 16:00:45,424 INFO  [stdout] (default task-2) Hibernate: select a1_0.accountID,a1_0.accountAlias,a1_0.accountBalance,a1_0.studentID from Accounts a1_0
2025-03-23 16:00:45,430 INFO  [stdout] (default task-2) Hibernate: select s1_0.studentID,s1_0.studentAddress,s1_0.studentEmail,s1_0.studentName,s1_0.studentPhone from Students s1_0 where s1_0.studentID=?
2025-03-23 16:00:45,435 INFO  [stdout] (default task-2) Hibernate: select a1_0.accountID,a1_0.accountAlias,a1_0.accountBalance,a1_0.studentID from Accounts a1_0 where a1_0.studentID=?
2025-03-23 16:00:45,439 INFO  [stdout] (default task-2) Hibernate: select s1_0.studentID,s1_0.studentAddress,s1_0.studentEmail,s1_0.studentName,s1_0.studentPhone from Students s1_0 where s1_0.studentID=?
2025-03-23 16:00:45,449 INFO  [stdout] (default task-2) Hibernate: select a1_0.accountID,a1_0.accountAlias,a1_0.accountBalance,a1_0.studentID from Accounts a1_0
2025-03-23 16:00:45,453 INFO  [stdout] (default task-2) Hibernate: select s1_0.studentID,s1_0.studentAddress,s1_0.studentEmail,s1_0.studentName,s1_0.studentPhone from Students s1_0 where s1_0.studentID=?
2025-03-23 16:00:45,457 INFO  [stdout] (default task-2) Hibernate: select a1_0.accountID,a1_0.accountAlias,a1_0.accountBalance,a1_0.studentID from Accounts a1_0 where a1_0.studentID=?
2025-03-23 16:00:45,462 INFO  [stdout] (default task-2) Hibernate: select s1_0.studentID,s1_0.studentAddress,s1_0.studentEmail,s1_0.studentName,s1_0.studentPhone from Students s1_0 where s1_0.studentID=?
2025-03-23 16:00:45,469 INFO  [stdout] (default task-2) Hibernate: select a1_0.accountID,a1_0.accountAlias,a1_0.accountBalance,a1_0.studentID from Accounts a1_0
2025-03-23 16:00:45,472 INFO  [stdout] (default task-2) Hibernate: select s1_0.studentID,s1_0.studentAddress,s1_0.studentEmail,s1_0.studentName,s1_0.studentPhone from Students s1_0 where s1_0.studentID=?
2025-03-23 16:00:45,479 INFO  [stdout] (default task-2) Hibernate: select a1_0.accountID,a1_0.accountAlias,a1_0.accountBalance,a1_0.studentID from Accounts a1_0 where a1_0.studentID=?
2025-03-23 16:00:45,483 INFO  [stdout] (default task-2) Hibernate: select s1_0.studentID,s1_0.studentAddress,s1_0.studentEmail,s1_0.studentName,s1_0.studentPhone from Students s1_0 where s1_0.studentID=?
2025-03-23 16:00:47,542 INFO  [stdout] (default task-2) Hibernate: select a1_0.accountID,a1_0.accountAlias,a1_0.accountBalance,a1_0.studentID from Accounts a1_0
2025-03-23 16:00:47,549 INFO  [stdout] (default task-2) Hibernate: select s1_0.studentID,s1_0.studentAddress,s1_0.studentEmail,s1_0.studentName,s1_0.studentPhone from Students s1_0 where s1_0.studentID=?
2025-03-23 16:00:47,567 INFO  [stdout] (default task-2) Hibernate: select a1_0.accountID,a1_0.accountAlias,a1_0.accountBalance,a1_0.studentID from Accounts a1_0
2025-03-23 16:00:47,567 INFO  [stdout] (default task-3) Hibernate: select a1_0.accountID,a1_0.accountAlias,a1_0.accountBalance,a1_0.studentID from Accounts a1_0
2025-03-23 16:00:47,572 INFO  [stdout] (default task-3) Hibernate: select s1_0.studentID,s1_0.studentAddress,s1_0.studentEmail,s1_0.studentName,s1_0.studentPhone from Students s1_0 where s1_0.studentID=?
2025-03-23 16:00:47,572 INFO  [stdout] (default task-2) Hibernate: select s1_0.studentID,s1_0.studentAddress,s1_0.studentEmail,s1_0.studentName,s1_0.studentPhone from Students s1_0 where s1_0.studentID=?
2025-03-23 16:00:47,583 INFO  [stdout] (default task-2) Hibernate: select a1_0.accountID,a1_0.accountAlias,a1_0.accountBalance,a1_0.studentID from Accounts a1_0
2025-03-23 16:00:47,587 INFO  [stdout] (default task-2) Hibernate: select s1_0.studentID,s1_0.studentAddress,s1_0.studentEmail,s1_0.studentName,s1_0.studentPhone from Students s1_0 where s1_0.studentID=?
2025-03-23 16:00:48,685 INFO  [stdout] (default task-2) Hibernate: select a1_0.accountID,a1_0.accountAlias,a1_0.accountBalance,a1_0.studentID from Accounts a1_0
2025-03-23 16:00:48,695 INFO  [stdout] (default task-2) Hibernate: select s1_0.studentID,s1_0.studentAddress,s1_0.studentEmail,s1_0.studentName,s1_0.studentPhone from Students s1_0 where s1_0.studentID=?
2025-03-23 16:00:48,744 INFO  [stdout] (default task-2) Hibernate: select a1_0.accountID,a1_0.accountAlias,a1_0.accountBalance,a1_0.studentID from Accounts a1_0
2025-03-23 16:00:48,751 INFO  [stdout] (default task-2) Hibernate: select s1_0.studentID,s1_0.studentAddress,s1_0.studentEmail,s1_0.studentName,s1_0.studentPhone from Students s1_0 where s1_0.studentID=?
2025-03-23 16:00:49,492 INFO  [stdout] (default task-2) Hibernate: select a1_0.accountID,a1_0.accountAlias,a1_0.accountBalance,a1_0.studentID from Accounts a1_0
2025-03-23 16:00:49,499 INFO  [stdout] (default task-2) Hibernate: select s1_0.studentID,s1_0.studentAddress,s1_0.studentEmail,s1_0.studentName,s1_0.studentPhone from Students s1_0 where s1_0.studentID=?
2025-03-23 16:00:49,508 INFO  [stdout] (default task-2) Hibernate: select s1_0.studentID,s1_0.studentAddress,s1_0.studentEmail,s1_0.studentName,s1_0.studentPhone from Students s1_0
2025-03-23 16:00:51,838 INFO  [stdout] (default task-2) Hibernate: select a1_0.accountID,a1_0.accountAlias,a1_0.accountBalance,a1_0.studentID from Accounts a1_0
2025-03-23 16:00:51,842 INFO  [stdout] (default task-2) Hibernate: select s1_0.studentID,s1_0.studentAddress,s1_0.studentEmail,s1_0.studentName,s1_0.studentPhone from Students s1_0 where s1_0.studentID=?
2025-03-23 16:00:51,853 INFO  [stdout] (default task-2) Hibernate: select a1_0.accountID,a1_0.accountAlias,a1_0.accountBalance,a1_0.studentID from Accounts a1_0
2025-03-23 16:00:51,873 INFO  [stdout] (default task-2) Hibernate: select s1_0.studentID,s1_0.studentAddress,s1_0.studentEmail,s1_0.studentName,s1_0.studentPhone from Students s1_0 where s1_0.studentID=?
2025-03-23 16:00:52,740 INFO  [stdout] (default task-2) Hibernate: select a1_0.accountID,a1_0.accountAlias,a1_0.accountBalance,a1_0.studentID from Accounts a1_0
2025-03-23 16:00:52,749 INFO  [stdout] (default task-2) Hibernate: select s1_0.studentID,s1_0.studentAddress,s1_0.studentEmail,s1_0.studentName,s1_0.studentPhone from Students s1_0 where s1_0.studentID=?
2025-03-23 16:00:52,761 INFO  [stdout] (default task-2) Hibernate: select a1_0.accountID,a1_0.accountAlias,a1_0.accountBalance,a1_0.studentID from Accounts a1_0 where a1_0.studentID=?
2025-03-23 16:00:52,775 INFO  [stdout] (default task-2) Hibernate: select a1_0.accountID,a1_0.accountAlias,a1_0.accountBalance,a1_0.studentID from Accounts a1_0
2025-03-23 16:00:52,782 INFO  [stdout] (default task-2) Hibernate: select s1_0.studentID,s1_0.studentAddress,s1_0.studentEmail,s1_0.studentName,s1_0.studentPhone from Students s1_0 where s1_0.studentID=?
2025-03-23 16:00:52,787 INFO  [stdout] (default task-2) Hibernate: select a1_0.accountID,a1_0.accountAlias,a1_0.accountBalance,a1_0.studentID from Accounts a1_0 where a1_0.studentID=?
2025-03-23 16:00:52,798 INFO  [stdout] (default task-2) Hibernate: select a1_0.accountID,a1_0.accountAlias,a1_0.accountBalance,a1_0.studentID from Accounts a1_0
2025-03-23 16:00:52,802 INFO  [stdout] (default task-2) Hibernate: select s1_0.studentID,s1_0.studentAddress,s1_0.studentEmail,s1_0.studentName,s1_0.studentPhone from Students s1_0 where s1_0.studentID=?
2025-03-23 16:00:52,806 INFO  [stdout] (default task-2) Hibernate: select a1_0.accountID,a1_0.accountAlias,a1_0.accountBalance,a1_0.studentID from Accounts a1_0 where a1_0.studentID=?
2025-03-23 16:00:52,817 INFO  [stdout] (default task-2) Hibernate: select a1_0.accountID,a1_0.accountAlias,a1_0.accountBalance,a1_0.studentID from Accounts a1_0
2025-03-23 16:00:52,820 INFO  [stdout] (default task-2) Hibernate: select s1_0.studentID,s1_0.studentAddress,s1_0.studentEmail,s1_0.studentName,s1_0.studentPhone from Students s1_0 where s1_0.studentID=?
2025-03-23 16:00:52,824 INFO  [stdout] (default task-2) Hibernate: select a1_0.accountID,a1_0.accountAlias,a1_0.accountBalance,a1_0.studentID from Accounts a1_0 where a1_0.studentID=?
2025-03-23 16:00:56,108 INFO  [stdout] (default task-2) Hibernate: select a1_0.accountID,a1_0.accountAlias,a1_0.accountBalance,a1_0.studentID from Accounts a1_0
2025-03-23 16:00:56,117 INFO  [stdout] (default task-2) Hibernate: select s1_0.studentID,s1_0.studentAddress,s1_0.studentEmail,s1_0.studentName,s1_0.studentPhone from Students s1_0 where s1_0.studentID=?
2025-03-23 16:00:56,142 INFO  [stdout] (default task-2) Hibernate: select a1_0.accountID,a1_0.accountAlias,a1_0.accountBalance,a1_0.studentID from Accounts a1_0
2025-03-23 16:00:56,148 INFO  [stdout] (default task-2) Hibernate: select s1_0.studentID,s1_0.studentAddress,s1_0.studentEmail,s1_0.studentName,s1_0.studentPhone from Students s1_0 where s1_0.studentID=?
2025-03-23 16:00:56,156 INFO  [stdout] (default task-2) Hibernate: select a1_0.accountID,a1_0.accountAlias,a1_0.accountBalance,a1_0.studentID from Accounts a1_0
2025-03-23 16:00:56,163 INFO  [stdout] (default task-2) Hibernate: select s1_0.studentID,s1_0.studentAddress,s1_0.studentEmail,s1_0.studentName,s1_0.studentPhone from Students s1_0 where s1_0.studentID=?
2025-03-23 16:00:56,173 INFO  [stdout] (default task-2) Hibernate: select a1_0.accountID,a1_0.accountAlias,a1_0.accountBalance,a1_0.studentID from Accounts a1_0
2025-03-23 16:00:56,180 INFO  [stdout] (default task-2) Hibernate: select s1_0.studentID,s1_0.studentAddress,s1_0.studentEmail,s1_0.studentName,s1_0.studentPhone from Students s1_0 where s1_0.studentID=?
2025-03-23 16:00:56,892 INFO  [stdout] (default task-2) Hibernate: select a1_0.accountID,a1_0.accountAlias,a1_0.accountBalance,a1_0.studentID from Accounts a1_0
2025-03-23 16:00:56,902 INFO  [stdout] (default task-2) Hibernate: select s1_0.studentID,s1_0.studentAddress,s1_0.studentEmail,s1_0.studentName,s1_0.studentPhone from Students s1_0 where s1_0.studentID=?
2025-03-23 16:00:56,930 INFO  [stdout] (default task-2) Hibernate: select a1_0.accountID,a1_0.accountAlias,a1_0.accountBalance,a1_0.studentID from Accounts a1_0
2025-03-23 16:00:56,933 INFO  [stdout] (default task-2) Hibernate: select s1_0.studentID,s1_0.studentAddress,s1_0.studentEmail,s1_0.studentName,s1_0.studentPhone from Students s1_0 where s1_0.studentID=?
2025-03-23 16:00:58,252 INFO  [stdout] (default task-2) Hibernate: select a1_0.accountID,a1_0.accountAlias,a1_0.accountBalance,a1_0.studentID from Accounts a1_0
2025-03-23 16:00:58,258 INFO  [stdout] (default task-2) Hibernate: select s1_0.studentID,s1_0.studentAddress,s1_0.studentEmail,s1_0.studentName,s1_0.studentPhone from Students s1_0 where s1_0.studentID=?
2025-03-23 16:00:58,275 INFO  [stdout] (default task-2) Hibernate: select a1_0.accountID,a1_0.accountAlias,a1_0.accountBalance,a1_0.studentID from Accounts a1_0 where a1_0.studentID=?
2025-03-23 16:00:58,285 INFO  [stdout] (default task-2) Hibernate: select a1_0.accountID,a1_0.accountAlias,a1_0.accountBalance,a1_0.studentID from Accounts a1_0
2025-03-23 16:00:58,289 INFO  [stdout] (default task-2) Hibernate: select s1_0.studentID,s1_0.studentAddress,s1_0.studentEmail,s1_0.studentName,s1_0.studentPhone from Students s1_0 where s1_0.studentID=?
2025-03-23 16:00:58,293 INFO  [stdout] (default task-2) Hibernate: select a1_0.accountID,a1_0.accountAlias,a1_0.accountBalance,a1_0.studentID from Accounts a1_0 where a1_0.studentID=?
2025-03-23 16:00:58,302 INFO  [stdout] (default task-2) Hibernate: select a1_0.accountID,a1_0.accountAlias,a1_0.accountBalance,a1_0.studentID from Accounts a1_0
2025-03-23 16:00:58,302 INFO  [stdout] (default task-3) Hibernate: select a1_0.accountID,a1_0.accountAlias,a1_0.accountBalance,a1_0.studentID from Accounts a1_0
2025-03-23 16:00:58,305 INFO  [stdout] (default task-3) Hibernate: select s1_0.studentID,s1_0.studentAddress,s1_0.studentEmail,s1_0.studentName,s1_0.studentPhone from Students s1_0 where s1_0.studentID=?
2025-03-23 16:00:58,305 INFO  [stdout] (default task-2) Hibernate: select s1_0.studentID,s1_0.studentAddress,s1_0.studentEmail,s1_0.studentName,s1_0.studentPhone from Students s1_0 where s1_0.studentID=?
2025-03-23 16:00:58,311 INFO  [stdout] (default task-3) Hibernate: select a1_0.accountID,a1_0.accountAlias,a1_0.accountBalance,a1_0.studentID from Accounts a1_0 where a1_0.studentID=?
2025-03-23 16:00:58,312 INFO  [stdout] (default task-2) Hibernate: select a1_0.accountID,a1_0.accountAlias,a1_0.accountBalance,a1_0.studentID from Accounts a1_0 where a1_0.studentID=?
2025-03-23 16:02:02,073 INFO  [org.jboss.as.server] (management-handler-thread - 2) WFLYSRV0272: Suspending server
2025-03-23 16:02:02,078 INFO  [org.jboss.as.ejb3] (management-handler-thread - 2) WFLYEJB0493: Jakarta Enterprise Beans subsystem suspension complete
2025-03-23 16:02:02,081 INFO  [org.jboss.as.server] (Management Triggered Shutdown) WFLYSRV0241: Shutting down in response to management operation 'shutdown'
2025-03-23 16:02:02,086 INFO  [org.wildfly.extension.undertow] (ServerService Thread Pool -- 131) WFLYUT0022: Unregistered web context: '/Bank' from server 'default-server'
2025-03-23 16:02:02,102 INFO  [org.wildfly.extension.messaging-activemq] (MSC service thread 1-4) WFLYMSGAMQ0006: Unbound messaging object to jndi name java:/ConnectionFactory
2025-03-23 16:02:02,102 INFO  [org.jboss.as.mail.extension] (MSC service thread 1-3) WFLYMAIL0002: Unbound mail session [java:jboss/mail/Default]
2025-03-23 16:02:02,108 INFO  [org.wildfly.extension.undertow] (MSC service thread 1-7) WFLYUT0019: Host default-host stopping
2025-03-23 16:02:02,124 INFO  [org.jboss.as.connector.deployment] (MSC service thread 1-5) WFLYJCA0119: Unbinding connection factory named java:/JmsXA to alias java:jboss/DefaultJMSConnectionFactory
2025-03-23 16:02:02,124 INFO  [org.jboss.as.connector.subsystems.datasources] (MSC service thread 1-4) WFLYJCA0010: Unbound data source [java:jboss/datasources/ExampleDS]
2025-03-23 16:02:02,124 INFO  [org.jboss.as.connector.deployment] (MSC service thread 1-8) WFLYJCA0011: Unbound Jakarta Connectors ConnectionFactory [java:/JmsXA]
2025-03-23 16:02:02,125 INFO  [org.jboss.as.jpa] (ServerService Thread Pool -- 138) WFLYJPA0011: Stopping Persistence Unit (phase 2 of 2) Service 'Bank.war#Bank'
2025-03-23 16:02:02,129 INFO  [org.jboss.as.connector.deployers.jdbc] (MSC service thread 1-2) WFLYJCA0019: Stopped Driver service with driver-name = h2
2025-03-23 16:02:02,132 INFO  [org.hibernate.orm.beans] (ServerService Thread Pool -- 138) HHH10005004: Stopping BeanContainer : org.hibernate.resource.beans.container.internal.CdiBeanContainerExtendedAccessImpl@6d44a6b1
2025-03-23 16:02:02,134 INFO  [org.jboss.as.jpa] (ServerService Thread Pool -- 138) WFLYJPA0011: Stopping Persistence Unit (phase 1 of 2) Service 'Bank.war#Bank'
2025-03-23 16:02:02,135 INFO  [org.jboss.as.connector.subsystems.datasources] (MSC service thread 1-7) WFLYJCA0010: Unbound data source [java:/BankDS]
2025-03-23 16:02:02,153 INFO  [org.jboss.as.connector.deployers.jdbc] (MSC service thread 1-7) WFLYJCA0019: Stopped Driver service with driver-name = mysql
2025-03-23 16:02:02,156 INFO  [org.wildfly.extension.undertow] (MSC service thread 1-6) WFLYUT0008: Undertow HTTPS listener https suspending
2025-03-23 16:02:02,157 INFO  [org.wildfly.extension.undertow] (MSC service thread 1-6) WFLYUT0007: Undertow HTTPS listener https stopped, was bound to 127.0.0.1:8443
2025-03-23 16:02:02,157 INFO  [org.jboss.as.server.deployment] (MSC service thread 1-1) WFLYSRV0028: Stopped deployment Bank.war (runtime-name: Bank.war) in 70ms
2025-03-23 16:02:02,166 INFO  [org.apache.activemq.artemis.ra.ActiveMQRALogger] (ServerService Thread Pool -- 149) AMQ151003: resource adaptor stopped
2025-03-23 16:02:02,313 INFO  [org.apache.activemq.artemis.core.server] (ServerService Thread Pool -- 149) AMQ221002: Apache ActiveMQ Artemis Message Broker version 2.35.0 [75b34986-f80a-11ef-9410-a07817ada456] stopped, uptime 4 minutes
2025-03-23 16:02:02,313 INFO  [org.wildfly.extension.undertow] (MSC service thread 1-7) WFLYUT0008: Undertow HTTP listener default suspending
2025-03-23 16:02:02,314 INFO  [org.wildfly.extension.undertow] (MSC service thread 1-7) WFLYUT0007: Undertow HTTP listener default stopped, was bound to 127.0.0.1:8080
2025-03-23 16:02:02,314 INFO  [org.wildfly.extension.undertow] (MSC service thread 1-5) WFLYUT0004: Undertow 2.3.17.Final stopping
2025-03-23 16:02:02,317 INFO  [org.jboss.as] (MSC service thread 1-5) WFLYSRV0050: WildFly 33.0.2.Final (WildFly Core 25.0.2.Final) stopped in 229ms
2025-03-23 16:02:02,813 INFO  [org.jboss.modules] (main) JBoss Modules version 2.1.5.Final
2025-03-23 16:02:03,196 INFO  [org.jboss.msc] (main) JBoss MSC version 1.5.5.Final
2025-03-23 16:02:03,204 INFO  [org.jboss.threads] (main) JBoss Threads version 2.4.0.Final
2025-03-23 16:02:03,284 INFO  [org.jboss.as] (MSC service thread 1-1) WFLYSRV0049: WildFly 33.0.2.Final (WildFly Core 25.0.2.Final) starting
2025-03-23 16:02:03,286 DEBUG [org.jboss.as.config] (MSC service thread 1-1) Configured system properties:
	apple.awt.application.name = Main
	file.encoding = UTF-8
	file.separator = /
	ftp.nonProxyHosts = local|*.local|169.254/16|*.169.254/16
	http.nonProxyHosts = local|*.local|169.254/16|*.169.254/16
	java.awt.headless = true
	java.class.path = /Users/jackjibb/eclipse-workspace/Wildfly/jboss-modules.jar:/Users/jackjibb/eclipse-workspace/Bank/Wildfly-server/jboss-modules.jar
	java.class.version = 62.0
	java.home = /Library/Java/JavaVirtualMachines/zulu-18.jdk/Contents/Home
	java.io.tmpdir = /var/folders/kn/_m2djrs12bg8k46fvk4ljblm0000gn/T/
	java.library.path = /Users/jackjibb/Library/Java/Extensions:/Library/Java/Extensions:/Network/Library/Java/Extensions:/System/Library/Java/Extensions:/usr/lib/java:.
	java.net.preferIPv4Stack = true
	java.runtime.name = OpenJDK Runtime Environment
	java.runtime.version = 18.0.2.1+1
	java.specification.name = Java Platform API Specification
	java.specification.vendor = Oracle Corporation
	java.specification.version = 18
	java.util.logging.manager = org.jboss.logmanager.LogManager
	java.vendor = Azul Systems, Inc.
	java.vendor.url = http://www.azul.com/
	java.vendor.url.bug = http://www.azul.com/support/
	java.vendor.version = Zulu18.32+13-CA
	java.version = 18.0.2.1
	java.version.date = 2022-08-18
	java.vm.compressedOopsMode = Zero based
	java.vm.info = mixed mode, sharing
	java.vm.name = OpenJDK 64-Bit Server VM
	java.vm.specification.name = Java Virtual Machine Specification
	java.vm.specification.vendor = Oracle Corporation
	java.vm.specification.version = 18
	java.vm.vendor = Azul Systems, Inc.
	java.vm.version = 18.0.2.1+1
	javax.management.builder.initial = org.jboss.as.jmx.PluggableMBeanServerBuilder
	jboss.bind.address = localhost
	jboss.bind.address.management = localhost
	jboss.home.dir = /Users/jackjibb/eclipse-workspace/Bank/Wildfly-server
	jboss.host.name = jacks-macbook-pro
	jboss.modules.system.pkgs = org.jboss.byteman
	jboss.node.name = jacks-macbook-pro
	jboss.qualified.host.name = jacks-macbook-pro.local
	jboss.server.base.dir = /Users/jackjibb/eclipse-workspace/Bank/Wildfly-server/standalone
	jboss.server.config.dir = /Users/jackjibb/eclipse-workspace/Bank/Wildfly-server/standalone/configuration
	jboss.server.data.dir = /Users/jackjibb/eclipse-workspace/Bank/Wildfly-server/standalone/data
	jboss.server.log.dir = /Users/jackjibb/eclipse-workspace/Bank/Wildfly-server/standalone/log
	jboss.server.name = jacks-macbook-pro
	jboss.server.persist.config = true
	jboss.server.temp.dir = /Users/jackjibb/eclipse-workspace/Bank/Wildfly-server/standalone/tmp
	jdk.debug = release
	line.separator = 

	logging.configuration = file:/Users/jackjibb/eclipse-workspace/Bank/Wildfly-server/standalone/configuration/logging.properties
	module.path = /Users/jackjibb/eclipse-workspace/Bank/Wildfly-server/modules
	native.encoding = UTF-8
	org.jboss.boot.log.file = /Users/jackjibb/eclipse-workspace/Bank/Wildfly-server/standalone/log/boot.log
	org.jboss.logmanager.nocolor = true
	org.jboss.resolver.warning = true
	os.arch = aarch64
	os.name = Mac OS X
	os.version = 15.1.1
	path.separator = :
	program.name = JBossTools: WildFly 27+
	socksNonProxyHosts = local|*.local|169.254/16|*.169.254/16
	stderr.encoding = UTF-8
	stdout.encoding = UTF-8
	sun.arch.data.model = 64
	sun.boot.library.path = /Library/Java/JavaVirtualMachines/zulu-18.jdk/Contents/Home/lib
	sun.cpu.endian = little
	sun.io.unicode.encoding = UnicodeBig
	sun.java.command = org.jboss.modules.Main -mp /Users/jackjibb/eclipse-workspace/Bank/Wildfly-server/modules org.jboss.as.standalone -b localhost --server-config=standalone-full.xml -Djboss.server.base.dir=/Users/jackjibb/eclipse-workspace/Bank/Wildfly-server/standalone
	sun.java.launcher = SUN_STANDARD
	sun.jnu.encoding = UTF-8
	sun.management.compiler = HotSpot 64-Bit Tiered Compilers
	sun.rmi.dgc.client.gcInterval = 3600000
	sun.rmi.dgc.server.gcInterval = 3600000
	user.country = GB
	user.dir = /Users/jackjibb/eclipse-workspace/Bank/Wildfly-server/bin
	user.home = /Users/jackjibb
	user.language = en
	user.name = jackjibb
	user.timezone = Europe/London
2025-03-23 16:02:03,286 DEBUG [org.jboss.as.config] (MSC service thread 1-1) VM Arguments: -Dprogram.name=JBossTools: WildFly 27+ -Xms1303m -Xmx1303m -XX:MetaspaceSize=96M -XX:MaxMetaspaceSize=256m -Dorg.jboss.resolver.warning=true -Djava.net.preferIPv4Stack=true -Dsun.rmi.dgc.client.gcInterval=3600000 -Dsun.rmi.dgc.server.gcInterval=3600000 -Djboss.modules.system.pkgs=org.jboss.byteman -Djava.awt.headless=true -Dorg.jboss.boot.log.file=/Users/jackjibb/eclipse-workspace/Bank/Wildfly-server/standalone/log/boot.log -Dlogging.configuration=file:/Users/jackjibb/eclipse-workspace/Bank/Wildfly-server/standalone/configuration/logging.properties -Djboss.home.dir=/Users/jackjibb/eclipse-workspace/Bank/Wildfly-server -Dorg.jboss.logmanager.nocolor=true --add-exports=java.desktop/sun.awt=ALL-UNNAMED --add-exports=java.naming/com.sun.jndi.ldap=ALL-UNNAMED --add-opens=java.base/java.lang=ALL-UNNAMED --add-opens=java.base/java.lang.invoke=ALL-UNNAMED --add-opens=java.base/java.lang.reflect=ALL-UNNAMED --add-opens=java.base/java.io=ALL-UNNAMED --add-opens=java.base/java.security=ALL-UNNAMED --add-opens=java.base/java.util=ALL-UNNAMED --add-opens=java.base/java.util.concurrent=ALL-UNNAMED --add-opens=java.management/javax.management=ALL-UNNAMED --add-opens=java.naming/javax.naming=ALL-UNNAMED --add-exports=java.base/sun.nio.ch=ALL-UNNAMED --add-exports=jdk.unsupported/sun.misc=ALL-UNNAMED --add-exports=jdk.unsupported/sun.reflect=ALL-UNNAMED --add-modules=java.se -Djboss.bind.address.management=localhost -Dfile.encoding=UTF-8 -Dstdout.encoding=UTF-8 -Dstderr.encoding=UTF-8 -XX:+ShowCodeDetailsInExceptionMessages 
2025-03-23 16:02:03,854 INFO  [org.wildfly.security] (Controller Boot Thread) ELY00001: WildFly Elytron version 2.5.2.Final
2025-03-23 16:02:04,174 INFO  [org.jboss.as.server.deployment.scanner] (DeploymentScanner-threads - 1) WFLYDS0004: Found Bank.war in deployment directory. To trigger deployment create a file called Bank.war.dodeploy
2025-03-23 16:02:04,211 INFO  [org.jboss.as.server] (Controller Boot Thread) WFLYSRV0039: Creating http management service using socket-binding (management-http)
2025-03-23 16:02:04,221 INFO  [org.xnio] (MSC service thread 1-7) XNIO version 3.8.16.Final
2025-03-23 16:02:04,227 INFO  [org.xnio.nio] (MSC service thread 1-7) XNIO NIO Implementation Version 3.8.16.Final
2025-03-23 16:02:04,248 INFO  [org.wildfly.extension.elytron.oidc._private] (ServerService Thread Pool -- 55) WFLYOIDC0001: Activating WildFly Elytron OIDC Subsystem
2025-03-23 16:02:04,255 INFO  [org.jboss.as.clustering.infinispan] (ServerService Thread Pool -- 58) WFLYCLINF0001: Activating Infinispan subsystem.
2025-03-23 16:02:04,261 INFO  [org.wildfly.extension.health] (ServerService Thread Pool -- 56) WFLYHEALTH0001: Activating Base Health Subsystem
2025-03-23 16:02:04,262 INFO  [org.wildfly.extension.microprofile.config.smallrye] (ServerService Thread Pool -- 69) WFLYCONF0001: Activating MicroProfile Config Subsystem
2025-03-23 16:02:04,264 INFO  [org.wildfly.iiop.openjdk] (ServerService Thread Pool -- 57) WFLYIIOP0001: Activating IIOP Subsystem
2025-03-23 16:02:04,265 INFO  [org.jboss.as.jsf] (ServerService Thread Pool -- 65) WFLYJSF0007: Activated the following Jakarta Server Faces Implementations: [main]
2025-03-23 16:02:04,268 INFO  [org.wildfly.extension.microprofile.jwt.smallrye] (ServerService Thread Pool -- 70) WFLYJWT0001: Activating MicroProfile JWT Subsystem
2025-03-23 16:02:04,268 INFO  [org.jboss.as.jaxrs] (ServerService Thread Pool -- 60) WFLYRS0016: RESTEasy version 6.2.10.Final
2025-03-23 16:02:04,272 INFO  [org.jboss.as.naming] (ServerService Thread Pool -- 71) WFLYNAM0001: Activating Naming Subsystem
2025-03-23 16:02:04,274 WARN  [org.jboss.as.txn] (ServerService Thread Pool -- 78) WFLYTX0013: The node-identifier attribute on the /subsystem=transactions is set to the default value. This is a danger for environments running multiple servers. Please make sure the attribute value is unique.
2025-03-23 16:02:04,276 INFO  [org.wildfly.extension.metrics] (ServerService Thread Pool -- 68) WFLYMETRICS0001: Activating Base Metrics Subsystem
2025-03-23 16:02:04,283 INFO  [org.jboss.as.connector] (MSC service thread 1-7) WFLYJCA0009: Starting Jakarta Connectors Subsystem (WildFly/IronJacamar 3.0.9.Final)
2025-03-23 16:02:04,293 INFO  [org.jboss.as.webservices] (ServerService Thread Pool -- 80) WFLYWS0002: Activating WebServices Extension
2025-03-23 16:02:04,307 INFO  [org.wildfly.extension.io] (ServerService Thread Pool -- 59) WFLYIO001: Worker 'default' has auto-configured to 16 IO threads with 128 max task threads based on your 8 available processors
2025-03-23 16:02:04,315 INFO  [org.jboss.as.server.deployment] (MSC service thread 1-5) WFLYSRV0027: Starting deployment of "Bank.war" (runtime-name: "Bank.war")
2025-03-23 16:02:04,316 INFO  [org.jboss.as.connector.subsystems.datasources] (ServerService Thread Pool -- 46) WFLYJCA0004: Deploying JDBC-compliant driver class org.h2.Driver (version 2.2)
2025-03-23 16:02:04,330 INFO  [org.jboss.remoting] (MSC service thread 1-7) JBoss Remoting version 5.0.29.Final
2025-03-23 16:02:04,332 INFO  [org.jboss.as.connector.deployers.jdbc] (MSC service thread 1-2) WFLYJCA0018: Started Driver service with driver-name = h2
2025-03-23 16:02:04,334 INFO  [org.jboss.as.naming] (MSC service thread 1-5) WFLYNAM0003: Starting Naming Service
2025-03-23 16:02:04,342 INFO  [org.wildfly.extension.undertow] (MSC service thread 1-2) WFLYUT0003: Undertow 2.3.17.Final starting
2025-03-23 16:02:04,345 INFO  [org.jboss.as.connector.subsystems.datasources] (ServerService Thread Pool -- 46) WFLYJCA0005: Deploying non-JDBC-compliant driver class com.mysql.cj.jdbc.Driver (version 8.0)
2025-03-23 16:02:04,347 INFO  [org.jboss.as.mail.extension] (MSC service thread 1-5) WFLYMAIL0001: Bound mail session [java:jboss/mail/Default]
2025-03-23 16:02:04,355 WARN  [org.wildfly.extension.elytron] (MSC service thread 1-2) WFLYELY00023: KeyStore file '/Users/jackjibb/eclipse-workspace/Bank/Wildfly-server/standalone/configuration/application.keystore' does not exist. Used blank.
2025-03-23 16:02:04,355 INFO  [org.jboss.as.connector.deployers.jdbc] (MSC service thread 1-3) WFLYJCA0018: Started Driver service with driver-name = mysql
2025-03-23 16:02:04,365 WARN  [org.wildfly.extension.elytron] (MSC service thread 1-3) WFLYELY01084: KeyStore /Users/jackjibb/eclipse-workspace/Bank/Wildfly-server/standalone/configuration/application.keystore not found, it will be auto-generated on first use with a self-signed certificate for host localhost
2025-03-23 16:02:04,401 INFO  [org.wildfly.extension.undertow] (ServerService Thread Pool -- 79) WFLYUT0014: Creating file handler for path '/Users/jackjibb/eclipse-workspace/Bank/Wildfly-server/welcome-content' with options [directory-listing: 'false', follow-symlink: 'false', case-sensitive: 'true', safe-symlink-paths: '[]']
2025-03-23 16:02:04,404 INFO  [org.jboss.as.ejb3] (MSC service thread 1-8) WFLYEJB0481: Strict pool slsb-strict-max-pool is using a max instance size of 128 (per class), which is derived from thread worker pool sizing.
2025-03-23 16:02:04,405 INFO  [org.jboss.as.ejb3] (MSC service thread 1-6) WFLYEJB0482: Strict pool mdb-strict-max-pool is using a max instance size of 32 (per class), which is derived from the number of CPUs on this host.
2025-03-23 16:02:04,413 INFO  [org.wildfly.extension.undertow] (MSC service thread 1-6) WFLYUT0012: Started server default-server.
2025-03-23 16:02:04,415 INFO  [org.wildfly.extension.undertow] (MSC service thread 1-6) Queuing requests.
2025-03-23 16:02:04,417 INFO  [org.wildfly.extension.undertow] (MSC service thread 1-6) WFLYUT0018: Host default-host starting
2025-03-23 16:02:04,455 INFO  [org.wildfly.extension.undertow] (MSC service thread 1-3) WFLYUT0006: Undertow HTTP listener default listening on 127.0.0.1:8080
2025-03-23 16:02:04,511 INFO  [org.jboss.as.ejb3] (MSC service thread 1-1) WFLYEJB0493: Jakarta Enterprise Beans subsystem suspension complete
2025-03-23 16:02:04,549 INFO  [org.jboss.as.server.deployment.scanner] (MSC service thread 1-7) WFLYDS0013: Started FileSystemDeploymentService for directory /Users/jackjibb/eclipse-workspace/Bank/Wildfly-server/standalone/deployments
2025-03-23 16:02:04,554 INFO  [org.wildfly.extension.undertow] (MSC service thread 1-8) WFLYUT0006: Undertow HTTPS listener https listening on 127.0.0.1:8443
2025-03-23 16:02:04,559 INFO  [org.jboss.as.connector.subsystems.datasources] (MSC service thread 1-3) WFLYJCA0001: Bound data source [java:/BankDS]
2025-03-23 16:02:04,559 INFO  [org.jboss.as.connector.subsystems.datasources] (MSC service thread 1-4) WFLYJCA0001: Bound data source [java:jboss/datasources/ExampleDS]
2025-03-23 16:02:04,569 INFO  [org.wildfly.extension.messaging-activemq] (MSC service thread 1-1) WFLYMSGAMQ0001: AIO wasn't located on this platform, it will fall back to using pure Java NIO.
2025-03-23 16:02:04,605 INFO  [org.wildfly.iiop.openjdk] (MSC service thread 1-2) WFLYIIOP0009: CORBA ORB Service started
2025-03-23 16:02:04,645 INFO  [org.jboss.ws.common.management] (MSC service thread 1-8) JBWS022052: Starting JBossWS 7.1.0.Final (Apache CXF 4.0.5) 
2025-03-23 16:02:04,661 INFO  [org.apache.activemq.artemis.core.server] (ServerService Thread Pool -- 82) AMQ221000: Primary message broker is starting with configuration Broker Configuration (clustered=false,journalDirectory=/Users/jackjibb/eclipse-workspace/Bank/Wildfly-server/standalone/data/activemq/journal,bindingsDirectory=/Users/jackjibb/eclipse-workspace/Bank/Wildfly-server/standalone/data/activemq/bindings,largeMessagesDirectory=/Users/jackjibb/eclipse-workspace/Bank/Wildfly-server/standalone/data/activemq/largemessages,pagingDirectory=/Users/jackjibb/eclipse-workspace/Bank/Wildfly-server/standalone/data/activemq/paging)
2025-03-23 16:02:04,693 INFO  [org.apache.activemq.artemis.core.server] (ServerService Thread Pool -- 82) AMQ221013: Using NIO Journal
2025-03-23 16:02:04,796 INFO  [org.apache.activemq.artemis.core.server] (ServerService Thread Pool -- 82) AMQ221043: Protocol module found: [artemis-server]. Adding protocol support for: CORE
2025-03-23 16:02:04,797 INFO  [org.apache.activemq.artemis.core.server] (ServerService Thread Pool -- 82) AMQ221043: Protocol module found: [artemis-amqp-protocol]. Adding protocol support for: AMQP
2025-03-23 16:02:04,798 INFO  [org.apache.activemq.artemis.core.server] (ServerService Thread Pool -- 82) AMQ221043: Protocol module found: [artemis-hornetq-protocol]. Adding protocol support for: HORNETQ
2025-03-23 16:02:04,798 INFO  [org.apache.activemq.artemis.core.server] (ServerService Thread Pool -- 82) AMQ221043: Protocol module found: [artemis-stomp-protocol]. Adding protocol support for: STOMP
2025-03-23 16:02:04,867 INFO  [org.apache.activemq.artemis.core.server] (ServerService Thread Pool -- 82) AMQ221034: Waiting indefinitely to obtain primary lock
2025-03-23 16:02:04,868 INFO  [org.apache.activemq.artemis.core.server] (ServerService Thread Pool -- 82) AMQ221035: Primary Server Obtained primary lock
2025-03-23 16:02:05,080 WARN  [org.jboss.as.server.deployment] (MSC service thread 1-5) WFLYSRV0293: The 'javax.servlet.jsp.api' module alias has been added as a dependency to 'Bank.war' deployment via jboss-deployment-structure.xml. While this is allowed, it is recommended to use its target module instead. Consider replacing this alias with its target module 'jakarta.servlet.jsp.api'.
2025-03-23 16:02:05,345 INFO  [org.apache.activemq.artemis.core.server] (ServerService Thread Pool -- 82) AMQ221003: Deploying ANYCAST queue jms.queue.ExpiryQueue on address jms.queue.ExpiryQueue
2025-03-23 16:02:05,348 INFO  [org.jboss.as.jpa] (MSC service thread 1-4) WFLYJPA0002: Read persistence.xml for Bank
2025-03-23 16:02:05,350 INFO  [org.apache.activemq.artemis.core.server] (ServerService Thread Pool -- 82) AMQ221003: Deploying ANYCAST queue jms.queue.DLQ on address jms.queue.DLQ
2025-03-23 16:02:05,431 INFO  [org.jipijapa] (MSC service thread 1-7) JIPIORMV6020260: Second level cache enabled for Bank.war#Bank
2025-03-23 16:02:05,513 INFO  [org.wildfly.extension.messaging-activemq] (MSC service thread 1-7) WFLYMSGAMQ0016: Registered HTTP upgrade for activemq-remoting protocol handled by http-acceptor-throughput acceptor
2025-03-23 16:02:05,513 INFO  [org.wildfly.extension.messaging-activemq] (MSC service thread 1-4) WFLYMSGAMQ0016: Registered HTTP upgrade for activemq-remoting protocol handled by http-acceptor-throughput acceptor
2025-03-23 16:02:05,513 INFO  [org.wildfly.extension.messaging-activemq] (MSC service thread 1-8) WFLYMSGAMQ0016: Registered HTTP upgrade for activemq-remoting protocol handled by http-acceptor acceptor
2025-03-23 16:02:05,513 INFO  [org.wildfly.extension.messaging-activemq] (MSC service thread 1-2) WFLYMSGAMQ0016: Registered HTTP upgrade for activemq-remoting protocol handled by http-acceptor acceptor
2025-03-23 16:02:05,591 INFO  [org.jboss.weld.deployer] (MSC service thread 1-5) WFLYWELD0003: Processing weld deployment Bank.war
2025-03-23 16:02:05,685 INFO  [org.hibernate.validator.internal.util.Version] (MSC service thread 1-5) HV000001: Hibernate Validator 8.0.1.Final
2025-03-23 16:02:05,833 INFO  [org.jboss.as.ejb3.deployment] (MSC service thread 1-5) WFLYEJB0473: JNDI bindings for session bean named 'BankDAO' in deployment unit 'deployment "Bank.war"' are as follows:

	java:global/Bank/BankDAO!com.bank.dao.BankDAO
	java:app/Bank/BankDAO!com.bank.dao.BankDAO
	java:module/BankDAO!com.bank.dao.BankDAO
	java:global/Bank/BankDAO
	java:app/Bank/BankDAO
	java:module/BankDAO

2025-03-23 16:02:05,926 INFO  [org.infinispan.CONTAINER] (ServerService Thread Pool -- 83) ISPN000556: Starting user marshaller 'org.wildfly.clustering.infinispan.marshalling.jboss.JBossMarshaller'
2025-03-23 16:02:05,980 INFO  [org.apache.activemq.artemis.core.server] (ServerService Thread Pool -- 82) AMQ221007: Server is now active
2025-03-23 16:02:05,980 INFO  [org.apache.activemq.artemis.core.server] (ServerService Thread Pool -- 82) AMQ221001: Apache ActiveMQ Artemis Message Broker version 2.35.0 [default, nodeID=75b34986-f80a-11ef-9410-a07817ada456] 
2025-03-23 16:02:05,993 INFO  [org.wildfly.extension.messaging-activemq] (ServerService Thread Pool -- 82) WFLYMSGAMQ0002: Bound messaging object to jndi name java:/ConnectionFactory
2025-03-23 16:02:06,001 INFO  [org.wildfly.extension.messaging-activemq] (ServerService Thread Pool -- 86) WFLYMSGAMQ0002: Bound messaging object to jndi name java:jboss/exported/jms/RemoteConnectionFactory
2025-03-23 16:02:06,041 INFO  [org.jboss.as.connector.deployment] (MSC service thread 1-3) WFLYJCA0007: Registered connection factory java:/JmsXA
2025-03-23 16:02:06,079 INFO  [org.jipijapa] (MSC service thread 1-4) JIPIORMV6020260: Second level cache enabled for Bank.war#Bank
2025-03-23 16:02:06,084 INFO  [org.apache.activemq.artemis.ra.ActiveMQRALogger] (MSC service thread 1-3) AMQ151007: Resource adaptor started
2025-03-23 16:02:06,085 INFO  [org.jboss.as.connector.services.resourceadapters.ResourceAdapterActivatorService$ResourceAdapterActivator] (MSC service thread 1-3) IJ020002: Deployed: file://RaActivatoractivemq-ra
2025-03-23 16:02:06,086 INFO  [org.jboss.as.connector.deployment] (MSC service thread 1-2) WFLYJCA0002: Bound Jakarta Connectors ConnectionFactory [java:/JmsXA]
2025-03-23 16:02:06,087 INFO  [org.jboss.as.connector.deployment] (MSC service thread 1-3) WFLYJCA0118: Binding connection factory named java:/JmsXA to alias java:jboss/DefaultJMSConnectionFactory
2025-03-23 16:02:06,152 INFO  [org.jboss.weld.Version] (MSC service thread 1-4) WELD-000900: 5.1.2 (Final)
2025-03-23 16:02:06,312 INFO  [org.jboss.as.jpa] (ServerService Thread Pool -- 83) WFLYJPA0010: Starting Persistence Unit (phase 1 of 2) Service 'Bank.war#Bank'
2025-03-23 16:02:06,326 INFO  [org.hibernate.jpa.internal.util.LogHelper] (ServerService Thread Pool -- 83) HHH000204: Processing PersistenceUnitInfo [name: Bank]
2025-03-23 16:02:06,373 INFO  [org.hibernate.Version] (ServerService Thread Pool -- 83) HHH000412: Hibernate ORM core version 6.4.4.Final
2025-03-23 16:02:06,683 INFO  [org.hibernate.cache.internal.RegionFactoryInitiator] (ServerService Thread Pool -- 83) HHH000025: Second-level cache region factory [org.infinispan.hibernate.cache.v62.InfinispanRegionFactory]
2025-03-23 16:02:06,730 INFO  [org.hibernate.envers.boot.internal.EnversServiceImpl] (ServerService Thread Pool -- 83) Envers integration enabled? : true
2025-03-23 16:02:06,829 INFO  [org.jboss.as.jpa] (ServerService Thread Pool -- 83) WFLYJPA0010: Starting Persistence Unit (phase 2 of 2) Service 'Bank.war#Bank'
2025-03-23 16:02:08,025 WARN  [org.wildfly.extension.undertow] (MSC service thread 1-3) WFLYUT0101: Duplicate servlet mapping /Controller found
2025-03-23 16:02:08,449 INFO  [org.jboss.resteasy.resteasy_jaxrs.i18n] (ServerService Thread Pool -- 94) RESTEASY002225: Deploying jakarta.ws.rs.core.Application: class com.bank.rest.RestApplication
2025-03-23 16:02:08,533 INFO  [org.wildfly.extension.undertow] (ServerService Thread Pool -- 94) WFLYUT0021: Registered web context: '/Bank' for server 'default-server'
2025-03-23 16:02:08,606 INFO  [org.jboss.as.server] (ServerService Thread Pool -- 47) WFLYSRV0010: Deployed "Bank.war" (runtime-name : "Bank.war")
2025-03-23 16:02:08,658 INFO  [org.jboss.as.server] (Controller Boot Thread) WFLYSRV0212: Resuming server
2025-03-23 16:02:08,664 INFO  [org.jboss.as] (Controller Boot Thread) WFLYSRV0060: Http management interface listening on http://127.0.0.1:9990/management
2025-03-23 16:02:08,664 INFO  [org.jboss.as] (Controller Boot Thread) WFLYSRV0051: Admin console listening on http://127.0.0.1:9990
2025-03-23 16:02:08,668 INFO  [org.jboss.as] (Controller Boot Thread) WFLYSRV0025: WildFly 33.0.2.Final (WildFly Core 25.0.2.Final) started in 6131ms - Started 858 of 1068 services (341 services are lazy, passive or on-demand) - Server configuration file in use: standalone-full.xml - Minimum feature stability level: community
2025-03-23 16:02:11,430 INFO  [stdout] (default task-2) Hibernate: select a1_0.accountID,a1_0.accountAlias,a1_0.accountBalance,a1_0.studentID from Accounts a1_0
2025-03-23 16:02:11,430 INFO  [stdout] (default task-1) Hibernate: select a1_0.accountID,a1_0.accountAlias,a1_0.accountBalance,a1_0.studentID from Accounts a1_0
2025-03-23 16:02:11,469 INFO  [stdout] (default task-2) Hibernate: select s1_0.studentID,s1_0.studentAddress,s1_0.studentEmail,s1_0.studentName,s1_0.studentPhone from Students s1_0 where s1_0.studentID=?
2025-03-23 16:02:11,469 INFO  [stdout] (default task-1) Hibernate: select s1_0.studentID,s1_0.studentAddress,s1_0.studentEmail,s1_0.studentName,s1_0.studentPhone from Students s1_0 where s1_0.studentID=?
2025-03-23 16:02:12,775 INFO  [stdout] (default task-2) Hibernate: select a1_0.accountID,a1_0.accountAlias,a1_0.accountBalance,a1_0.studentID from Accounts a1_0
2025-03-23 16:02:12,788 INFO  [stdout] (default task-2) Hibernate: select s1_0.studentID,s1_0.studentAddress,s1_0.studentEmail,s1_0.studentName,s1_0.studentPhone from Students s1_0 where s1_0.studentID=?
2025-03-23 16:02:12,802 INFO  [stdout] (default task-2) Hibernate: select s1_0.studentID,s1_0.studentAddress,s1_0.studentEmail,s1_0.studentName,s1_0.studentPhone from Students s1_0
2025-03-23 16:02:12,878 INFO  [stdout] (default task-1) Hibernate: select a1_0.accountID,a1_0.accountAlias,a1_0.accountBalance,a1_0.studentID from Accounts a1_0
2025-03-23 16:02:12,878 INFO  [stdout] (default task-2) Hibernate: select a1_0.accountID,a1_0.accountAlias,a1_0.accountBalance,a1_0.studentID from Accounts a1_0
2025-03-23 16:02:12,884 INFO  [stdout] (default task-2) Hibernate: select s1_0.studentID,s1_0.studentAddress,s1_0.studentEmail,s1_0.studentName,s1_0.studentPhone from Students s1_0 where s1_0.studentID=?
2025-03-23 16:02:12,884 INFO  [stdout] (default task-1) Hibernate: select s1_0.studentID,s1_0.studentAddress,s1_0.studentEmail,s1_0.studentName,s1_0.studentPhone from Students s1_0 where s1_0.studentID=?
2025-03-23 16:02:12,887 INFO  [stdout] (default task-3) Hibernate: select a1_0.accountID,a1_0.accountAlias,a1_0.accountBalance,a1_0.studentID from Accounts a1_0
2025-03-23 16:02:12,894 INFO  [stdout] (default task-2) Hibernate: select s1_0.studentID,s1_0.studentAddress,s1_0.studentEmail,s1_0.studentName,s1_0.studentPhone from Students s1_0
2025-03-23 16:02:12,894 INFO  [stdout] (default task-1) Hibernate: select s1_0.studentID,s1_0.studentAddress,s1_0.studentEmail,s1_0.studentName,s1_0.studentPhone from Students s1_0
2025-03-23 16:02:12,918 INFO  [stdout] (default task-3) Hibernate: select s1_0.studentID,s1_0.studentAddress,s1_0.studentEmail,s1_0.studentName,s1_0.studentPhone from Students s1_0 where s1_0.studentID=?
2025-03-23 16:02:12,926 INFO  [stdout] (default task-3) Hibernate: select s1_0.studentID,s1_0.studentAddress,s1_0.studentEmail,s1_0.studentName,s1_0.studentPhone from Students s1_0
2025-03-23 16:02:13,825 INFO  [stdout] (default task-3) Hibernate: select a1_0.accountID,a1_0.accountAlias,a1_0.accountBalance,a1_0.studentID from Accounts a1_0
2025-03-23 16:02:13,835 INFO  [stdout] (default task-3) Hibernate: select s1_0.studentID,s1_0.studentAddress,s1_0.studentEmail,s1_0.studentName,s1_0.studentPhone from Students s1_0 where s1_0.studentID=?
2025-03-23 16:02:13,894 INFO  [stdout] (default task-3) Hibernate: select a1_0.accountID,a1_0.accountAlias,a1_0.accountBalance,a1_0.studentID from Accounts a1_0 where a1_0.studentID=?
2025-03-23 16:02:13,940 INFO  [stdout] (default task-1) Hibernate: select a1_0.accountID,a1_0.accountAlias,a1_0.accountBalance,a1_0.studentID from Accounts a1_0
2025-03-23 16:02:13,940 INFO  [stdout] (default task-2) Hibernate: select a1_0.accountID,a1_0.accountAlias,a1_0.accountBalance,a1_0.studentID from Accounts a1_0
2025-03-23 16:02:13,941 INFO  [stdout] (default task-4) Hibernate: select a1_0.accountID,a1_0.accountAlias,a1_0.accountBalance,a1_0.studentID from Accounts a1_0
2025-03-23 16:02:13,946 INFO  [stdout] (default task-2) Hibernate: select s1_0.studentID,s1_0.studentAddress,s1_0.studentEmail,s1_0.studentName,s1_0.studentPhone from Students s1_0 where s1_0.studentID=?
2025-03-23 16:02:13,946 INFO  [stdout] (default task-4) Hibernate: select s1_0.studentID,s1_0.studentAddress,s1_0.studentEmail,s1_0.studentName,s1_0.studentPhone from Students s1_0 where s1_0.studentID=?
2025-03-23 16:02:13,946 INFO  [stdout] (default task-1) Hibernate: select s1_0.studentID,s1_0.studentAddress,s1_0.studentEmail,s1_0.studentName,s1_0.studentPhone from Students s1_0 where s1_0.studentID=?
2025-03-23 16:02:13,954 INFO  [stdout] (default task-1) Hibernate: select a1_0.accountID,a1_0.accountAlias,a1_0.accountBalance,a1_0.studentID from Accounts a1_0 where a1_0.studentID=?
2025-03-23 16:02:13,954 INFO  [stdout] (default task-4) Hibernate: select a1_0.accountID,a1_0.accountAlias,a1_0.accountBalance,a1_0.studentID from Accounts a1_0 where a1_0.studentID=?
2025-03-23 16:02:13,955 INFO  [stdout] (default task-2) Hibernate: select a1_0.accountID,a1_0.accountAlias,a1_0.accountBalance,a1_0.studentID from Accounts a1_0 where a1_0.studentID=?
2025-03-23 16:02:16,154 INFO  [stdout] (default task-4) Hibernate: select a1_0.accountID,a1_0.accountAlias,a1_0.accountBalance,a1_0.studentID from Accounts a1_0
2025-03-23 16:02:16,161 INFO  [stdout] (default task-4) Hibernate: select s1_0.studentID,s1_0.studentAddress,s1_0.studentEmail,s1_0.studentName,s1_0.studentPhone from Students s1_0 where s1_0.studentID=?
2025-03-23 16:02:16,171 INFO  [stdout] (default task-4) Hibernate: select a1_0.accountID,a1_0.accountAlias,a1_0.accountBalance,a1_0.studentID from Accounts a1_0
2025-03-23 16:02:16,178 INFO  [stdout] (default task-4) Hibernate: select s1_0.studentID,s1_0.studentAddress,s1_0.studentEmail,s1_0.studentName,s1_0.studentPhone from Students s1_0 where s1_0.studentID=?
2025-03-23 16:02:16,186 INFO  [stdout] (default task-4) Hibernate: select a1_0.accountID,a1_0.accountAlias,a1_0.accountBalance,a1_0.studentID from Accounts a1_0
2025-03-23 16:02:16,192 INFO  [stdout] (default task-4) Hibernate: select s1_0.studentID,s1_0.studentAddress,s1_0.studentEmail,s1_0.studentName,s1_0.studentPhone from Students s1_0 where s1_0.studentID=?
2025-03-23 16:02:16,202 INFO  [stdout] (default task-4) Hibernate: select a1_0.accountID,a1_0.accountAlias,a1_0.accountBalance,a1_0.studentID from Accounts a1_0
2025-03-23 16:02:16,207 INFO  [stdout] (default task-4) Hibernate: select s1_0.studentID,s1_0.studentAddress,s1_0.studentEmail,s1_0.studentName,s1_0.studentPhone from Students s1_0 where s1_0.studentID=?
2025-03-23 16:06:04,879 INFO  [org.jboss.as.server] (management-handler-thread - 1) WFLYSRV0272: Suspending server
2025-03-23 16:06:04,943 INFO  [org.jboss.as.ejb3] (management-handler-thread - 1) WFLYEJB0493: Jakarta Enterprise Beans subsystem suspension complete
2025-03-23 16:06:04,952 INFO  [org.jboss.as.server] (Management Triggered Shutdown) WFLYSRV0241: Shutting down in response to management operation 'shutdown'
2025-03-23 16:06:04,990 INFO  [org.jboss.as.mail.extension] (MSC service thread 1-4) WFLYMAIL0002: Unbound mail session [java:jboss/mail/Default]
2025-03-23 16:06:04,992 INFO  [org.wildfly.extension.messaging-activemq] (MSC service thread 1-3) WFLYMSGAMQ0006: Unbound messaging object to jndi name java:jboss/exported/jms/RemoteConnectionFactory
2025-03-23 16:06:04,998 INFO  [org.wildfly.extension.undertow] (ServerService Thread Pool -- 103) WFLYUT0022: Unregistered web context: '/Bank' from server 'default-server'
2025-03-23 16:06:05,015 INFO  [org.wildfly.extension.undertow] (MSC service thread 1-1) WFLYUT0019: Host default-host stopping
2025-03-23 16:06:05,025 INFO  [org.jboss.as.connector.deployment] (MSC service thread 1-5) WFLYJCA0119: Unbinding connection factory named java:/JmsXA to alias java:jboss/DefaultJMSConnectionFactory
2025-03-23 16:06:05,025 INFO  [org.jboss.as.connector.deployment] (MSC service thread 1-5) WFLYJCA0011: Unbound Jakarta Connectors ConnectionFactory [java:/JmsXA]
2025-03-23 16:06:05,025 INFO  [org.jboss.as.connector.subsystems.datasources] (MSC service thread 1-2) WFLYJCA0010: Unbound data source [java:jboss/datasources/ExampleDS]
2025-03-23 16:06:05,028 INFO  [org.jboss.as.connector.deployers.jdbc] (MSC service thread 1-3) WFLYJCA0019: Stopped Driver service with driver-name = h2
2025-03-23 16:06:05,028 INFO  [org.jboss.as.jpa] (ServerService Thread Pool -- 111) WFLYJPA0011: Stopping Persistence Unit (phase 2 of 2) Service 'Bank.war#Bank'
2025-03-23 16:06:05,052 INFO  [org.hibernate.orm.beans] (ServerService Thread Pool -- 111) HHH10005004: Stopping BeanContainer : org.hibernate.resource.beans.container.internal.CdiBeanContainerExtendedAccessImpl@6d922e62
2025-03-23 16:06:05,054 INFO  [org.jboss.as.jpa] (ServerService Thread Pool -- 111) WFLYJPA0011: Stopping Persistence Unit (phase 1 of 2) Service 'Bank.war#Bank'
2025-03-23 16:06:05,057 INFO  [org.jboss.as.connector.subsystems.datasources] (MSC service thread 1-2) WFLYJCA0010: Unbound data source [java:/BankDS]
2025-03-23 16:06:05,074 INFO  [org.jboss.as.connector.deployers.jdbc] (MSC service thread 1-2) WFLYJCA0019: Stopped Driver service with driver-name = mysql
2025-03-23 16:06:05,097 INFO  [org.wildfly.extension.undertow] (MSC service thread 1-7) WFLYUT0008: Undertow HTTPS listener https suspending
2025-03-23 16:06:05,098 INFO  [org.wildfly.extension.undertow] (MSC service thread 1-7) WFLYUT0007: Undertow HTTPS listener https stopped, was bound to 127.0.0.1:8443
2025-03-23 16:06:05,099 INFO  [org.jboss.as.server.deployment] (MSC service thread 1-5) WFLYSRV0028: Stopped deployment Bank.war (runtime-name: Bank.war) in 134ms
2025-03-23 16:06:05,100 INFO  [org.apache.activemq.artemis.ra.ActiveMQRALogger] (ServerService Thread Pool -- 113) AMQ151003: resource adaptor stopped
2025-03-23 16:06:05,253 INFO  [org.apache.activemq.artemis.core.server] (ServerService Thread Pool -- 113) AMQ221002: Apache ActiveMQ Artemis Message Broker version 2.35.0 [75b34986-f80a-11ef-9410-a07817ada456] stopped, uptime 4 minutes
2025-03-23 16:06:05,254 INFO  [org.wildfly.extension.undertow] (MSC service thread 1-7) WFLYUT0008: Undertow HTTP listener default suspending
2025-03-23 16:06:05,254 INFO  [org.wildfly.extension.undertow] (MSC service thread 1-7) WFLYUT0007: Undertow HTTP listener default stopped, was bound to 127.0.0.1:8080
2025-03-23 16:06:05,256 INFO  [org.wildfly.extension.undertow] (MSC service thread 1-4) WFLYUT0004: Undertow 2.3.17.Final stopping
2025-03-23 16:06:05,260 INFO  [org.jboss.as] (MSC service thread 1-7) WFLYSRV0050: WildFly 33.0.2.Final (WildFly Core 25.0.2.Final) stopped in 294ms
2025-03-23 16:06:05,726 INFO  [org.jboss.modules] (main) JBoss Modules version 2.1.5.Final
2025-03-23 16:06:06,095 INFO  [org.jboss.msc] (main) JBoss MSC version 1.5.5.Final
2025-03-23 16:06:06,105 INFO  [org.jboss.threads] (main) JBoss Threads version 2.4.0.Final
2025-03-23 16:06:06,225 INFO  [org.jboss.as] (MSC service thread 1-3) WFLYSRV0049: WildFly 33.0.2.Final (WildFly Core 25.0.2.Final) starting
2025-03-23 16:06:06,227 DEBUG [org.jboss.as.config] (MSC service thread 1-3) Configured system properties:
	apple.awt.application.name = Main
	file.encoding = UTF-8
	file.separator = /
	ftp.nonProxyHosts = local|*.local|169.254/16|*.169.254/16
	http.nonProxyHosts = local|*.local|169.254/16|*.169.254/16
	java.awt.headless = true
	java.class.path = /Users/jackjibb/eclipse-workspace/Wildfly/jboss-modules.jar:/Users/jackjibb/eclipse-workspace/Bank/Wildfly-server/jboss-modules.jar
	java.class.version = 62.0
	java.home = /Library/Java/JavaVirtualMachines/zulu-18.jdk/Contents/Home
	java.io.tmpdir = /var/folders/kn/_m2djrs12bg8k46fvk4ljblm0000gn/T/
	java.library.path = /Users/jackjibb/Library/Java/Extensions:/Library/Java/Extensions:/Network/Library/Java/Extensions:/System/Library/Java/Extensions:/usr/lib/java:.
	java.net.preferIPv4Stack = true
	java.runtime.name = OpenJDK Runtime Environment
	java.runtime.version = 18.0.2.1+1
	java.specification.name = Java Platform API Specification
	java.specification.vendor = Oracle Corporation
	java.specification.version = 18
	java.util.logging.manager = org.jboss.logmanager.LogManager
	java.vendor = Azul Systems, Inc.
	java.vendor.url = http://www.azul.com/
	java.vendor.url.bug = http://www.azul.com/support/
	java.vendor.version = Zulu18.32+13-CA
	java.version = 18.0.2.1
	java.version.date = 2022-08-18
	java.vm.compressedOopsMode = Zero based
	java.vm.info = mixed mode, sharing
	java.vm.name = OpenJDK 64-Bit Server VM
	java.vm.specification.name = Java Virtual Machine Specification
	java.vm.specification.vendor = Oracle Corporation
	java.vm.specification.version = 18
	java.vm.vendor = Azul Systems, Inc.
	java.vm.version = 18.0.2.1+1
	javax.management.builder.initial = org.jboss.as.jmx.PluggableMBeanServerBuilder
	jboss.bind.address = localhost
	jboss.bind.address.management = localhost
	jboss.home.dir = /Users/jackjibb/eclipse-workspace/Bank/Wildfly-server
	jboss.host.name = jacks-macbook-pro
	jboss.modules.system.pkgs = org.jboss.byteman
	jboss.node.name = jacks-macbook-pro
	jboss.qualified.host.name = jacks-macbook-pro.local
	jboss.server.base.dir = /Users/jackjibb/eclipse-workspace/Bank/Wildfly-server/standalone
	jboss.server.config.dir = /Users/jackjibb/eclipse-workspace/Bank/Wildfly-server/standalone/configuration
	jboss.server.data.dir = /Users/jackjibb/eclipse-workspace/Bank/Wildfly-server/standalone/data
	jboss.server.log.dir = /Users/jackjibb/eclipse-workspace/Bank/Wildfly-server/standalone/log
	jboss.server.name = jacks-macbook-pro
	jboss.server.persist.config = true
	jboss.server.temp.dir = /Users/jackjibb/eclipse-workspace/Bank/Wildfly-server/standalone/tmp
	jdk.debug = release
	line.separator = 

	logging.configuration = file:/Users/jackjibb/eclipse-workspace/Bank/Wildfly-server/standalone/configuration/logging.properties
	module.path = /Users/jackjibb/eclipse-workspace/Bank/Wildfly-server/modules
	native.encoding = UTF-8
	org.jboss.boot.log.file = /Users/jackjibb/eclipse-workspace/Bank/Wildfly-server/standalone/log/boot.log
	org.jboss.logmanager.nocolor = true
	org.jboss.resolver.warning = true
	os.arch = aarch64
	os.name = Mac OS X
	os.version = 15.1.1
	path.separator = :
	program.name = JBossTools: WildFly 27+
	socksNonProxyHosts = local|*.local|169.254/16|*.169.254/16
	stderr.encoding = UTF-8
	stdout.encoding = UTF-8
	sun.arch.data.model = 64
	sun.boot.library.path = /Library/Java/JavaVirtualMachines/zulu-18.jdk/Contents/Home/lib
	sun.cpu.endian = little
	sun.io.unicode.encoding = UnicodeBig
	sun.java.command = org.jboss.modules.Main -mp /Users/jackjibb/eclipse-workspace/Bank/Wildfly-server/modules org.jboss.as.standalone -b localhost --server-config=standalone-full.xml -Djboss.server.base.dir=/Users/jackjibb/eclipse-workspace/Bank/Wildfly-server/standalone
	sun.java.launcher = SUN_STANDARD
	sun.jnu.encoding = UTF-8
	sun.management.compiler = HotSpot 64-Bit Tiered Compilers
	sun.rmi.dgc.client.gcInterval = 3600000
	sun.rmi.dgc.server.gcInterval = 3600000
	user.country = GB
	user.dir = /Users/jackjibb/eclipse-workspace/Bank/Wildfly-server/bin
	user.home = /Users/jackjibb
	user.language = en
	user.name = jackjibb
	user.timezone = Europe/London
2025-03-23 16:06:06,227 DEBUG [org.jboss.as.config] (MSC service thread 1-3) VM Arguments: -Dprogram.name=JBossTools: WildFly 27+ -Xms1303m -Xmx1303m -XX:MetaspaceSize=96M -XX:MaxMetaspaceSize=256m -Dorg.jboss.resolver.warning=true -Djava.net.preferIPv4Stack=true -Dsun.rmi.dgc.client.gcInterval=3600000 -Dsun.rmi.dgc.server.gcInterval=3600000 -Djboss.modules.system.pkgs=org.jboss.byteman -Djava.awt.headless=true -Dorg.jboss.boot.log.file=/Users/jackjibb/eclipse-workspace/Bank/Wildfly-server/standalone/log/boot.log -Dlogging.configuration=file:/Users/jackjibb/eclipse-workspace/Bank/Wildfly-server/standalone/configuration/logging.properties -Djboss.home.dir=/Users/jackjibb/eclipse-workspace/Bank/Wildfly-server -Dorg.jboss.logmanager.nocolor=true --add-exports=java.desktop/sun.awt=ALL-UNNAMED --add-exports=java.naming/com.sun.jndi.ldap=ALL-UNNAMED --add-opens=java.base/java.lang=ALL-UNNAMED --add-opens=java.base/java.lang.invoke=ALL-UNNAMED --add-opens=java.base/java.lang.reflect=ALL-UNNAMED --add-opens=java.base/java.io=ALL-UNNAMED --add-opens=java.base/java.security=ALL-UNNAMED --add-opens=java.base/java.util=ALL-UNNAMED --add-opens=java.base/java.util.concurrent=ALL-UNNAMED --add-opens=java.management/javax.management=ALL-UNNAMED --add-opens=java.naming/javax.naming=ALL-UNNAMED --add-exports=java.base/sun.nio.ch=ALL-UNNAMED --add-exports=jdk.unsupported/sun.misc=ALL-UNNAMED --add-exports=jdk.unsupported/sun.reflect=ALL-UNNAMED --add-modules=java.se -Djboss.bind.address.management=localhost -Dfile.encoding=UTF-8 -Dstdout.encoding=UTF-8 -Dstderr.encoding=UTF-8 -XX:+ShowCodeDetailsInExceptionMessages 
2025-03-23 16:06:06,943 INFO  [org.wildfly.security] (Controller Boot Thread) ELY00001: WildFly Elytron version 2.5.2.Final
2025-03-23 16:06:07,279 INFO  [org.jboss.as.server.deployment.scanner] (DeploymentScanner-threads - 1) WFLYDS0004: Found Bank.war in deployment directory. To trigger deployment create a file called Bank.war.dodeploy
2025-03-23 16:06:07,320 INFO  [org.jboss.as.server] (Controller Boot Thread) WFLYSRV0039: Creating http management service using socket-binding (management-http)
2025-03-23 16:06:07,335 INFO  [org.xnio] (MSC service thread 1-3) XNIO version 3.8.16.Final
2025-03-23 16:06:07,342 INFO  [org.xnio.nio] (MSC service thread 1-3) XNIO NIO Implementation Version 3.8.16.Final
2025-03-23 16:06:07,389 INFO  [org.wildfly.extension.elytron.oidc._private] (ServerService Thread Pool -- 55) WFLYOIDC0001: Activating WildFly Elytron OIDC Subsystem
2025-03-23 16:06:07,395 INFO  [org.jboss.as.server.deployment] (MSC service thread 1-8) WFLYSRV0027: Starting deployment of "Bank.war" (runtime-name: "Bank.war")
2025-03-23 16:06:07,398 INFO  [org.jboss.as.clustering.infinispan] (ServerService Thread Pool -- 58) WFLYCLINF0001: Activating Infinispan subsystem.
2025-03-23 16:06:07,398 INFO  [org.wildfly.iiop.openjdk] (ServerService Thread Pool -- 57) WFLYIIOP0001: Activating IIOP Subsystem
2025-03-23 16:06:07,401 INFO  [org.wildfly.extension.health] (ServerService Thread Pool -- 56) WFLYHEALTH0001: Activating Base Health Subsystem
2025-03-23 16:06:07,418 INFO  [org.jboss.as.jsf] (ServerService Thread Pool -- 65) WFLYJSF0007: Activated the following Jakarta Server Faces Implementations: [main]
2025-03-23 16:06:07,418 INFO  [org.jboss.remoting] (MSC service thread 1-3) JBoss Remoting version 5.0.29.Final
2025-03-23 16:06:07,422 INFO  [org.wildfly.extension.microprofile.jwt.smallrye] (ServerService Thread Pool -- 70) WFLYJWT0001: Activating MicroProfile JWT Subsystem
2025-03-23 16:06:07,423 INFO  [org.wildfly.extension.metrics] (ServerService Thread Pool -- 68) WFLYMETRICS0001: Activating Base Metrics Subsystem
2025-03-23 16:06:07,422 INFO  [org.wildfly.extension.microprofile.config.smallrye] (ServerService Thread Pool -- 69) WFLYCONF0001: Activating MicroProfile Config Subsystem
2025-03-23 16:06:07,426 INFO  [org.jboss.as.jaxrs] (ServerService Thread Pool -- 60) WFLYRS0016: RESTEasy version 6.2.10.Final
2025-03-23 16:06:07,426 INFO  [org.wildfly.extension.io] (ServerService Thread Pool -- 59) WFLYIO001: Worker 'default' has auto-configured to 16 IO threads with 128 max task threads based on your 8 available processors
2025-03-23 16:06:07,436 INFO  [org.jboss.as.naming] (ServerService Thread Pool -- 71) WFLYNAM0001: Activating Naming Subsystem
2025-03-23 16:06:07,436 WARN  [org.jboss.as.txn] (ServerService Thread Pool -- 78) WFLYTX0013: The node-identifier attribute on the /subsystem=transactions is set to the default value. This is a danger for environments running multiple servers. Please make sure the attribute value is unique.
2025-03-23 16:06:07,448 INFO  [org.jboss.as.webservices] (ServerService Thread Pool -- 80) WFLYWS0002: Activating WebServices Extension
2025-03-23 16:06:07,455 INFO  [org.jboss.as.connector] (MSC service thread 1-1) WFLYJCA0009: Starting Jakarta Connectors Subsystem (WildFly/IronJacamar 3.0.9.Final)
2025-03-23 16:06:07,475 INFO  [org.jboss.as.connector.subsystems.datasources] (ServerService Thread Pool -- 46) WFLYJCA0004: Deploying JDBC-compliant driver class org.h2.Driver (version 2.2)
2025-03-23 16:06:07,491 INFO  [org.jboss.as.connector.deployers.jdbc] (MSC service thread 1-8) WFLYJCA0018: Started Driver service with driver-name = h2
2025-03-23 16:06:07,492 INFO  [org.jboss.as.naming] (MSC service thread 1-8) WFLYNAM0003: Starting Naming Service
2025-03-23 16:06:07,497 INFO  [org.jboss.as.mail.extension] (MSC service thread 1-6) WFLYMAIL0001: Bound mail session [java:jboss/mail/Default]
2025-03-23 16:06:07,503 WARN  [org.wildfly.extension.elytron] (MSC service thread 1-5) WFLYELY00023: KeyStore file '/Users/jackjibb/eclipse-workspace/Bank/Wildfly-server/standalone/configuration/application.keystore' does not exist. Used blank.
2025-03-23 16:06:07,515 INFO  [org.wildfly.extension.undertow] (MSC service thread 1-1) WFLYUT0003: Undertow 2.3.17.Final starting
2025-03-23 16:06:07,520 WARN  [org.wildfly.extension.elytron] (MSC service thread 1-5) WFLYELY01084: KeyStore /Users/jackjibb/eclipse-workspace/Bank/Wildfly-server/standalone/configuration/application.keystore not found, it will be auto-generated on first use with a self-signed certificate for host localhost
2025-03-23 16:06:07,521 INFO  [org.jboss.as.connector.subsystems.datasources] (ServerService Thread Pool -- 46) WFLYJCA0005: Deploying non-JDBC-compliant driver class com.mysql.cj.jdbc.Driver (version 8.0)
2025-03-23 16:06:07,525 INFO  [org.jboss.as.connector.deployers.jdbc] (MSC service thread 1-6) WFLYJCA0018: Started Driver service with driver-name = mysql
2025-03-23 16:06:07,572 INFO  [org.wildfly.extension.undertow] (ServerService Thread Pool -- 79) WFLYUT0014: Creating file handler for path '/Users/jackjibb/eclipse-workspace/Bank/Wildfly-server/welcome-content' with options [directory-listing: 'false', follow-symlink: 'false', case-sensitive: 'true', safe-symlink-paths: '[]']
2025-03-23 16:06:07,581 INFO  [org.jboss.as.ejb3] (MSC service thread 1-6) WFLYEJB0481: Strict pool slsb-strict-max-pool is using a max instance size of 128 (per class), which is derived from thread worker pool sizing.
2025-03-23 16:06:07,581 INFO  [org.jboss.as.ejb3] (MSC service thread 1-1) WFLYEJB0482: Strict pool mdb-strict-max-pool is using a max instance size of 32 (per class), which is derived from the number of CPUs on this host.
2025-03-23 16:06:07,593 INFO  [org.wildfly.extension.undertow] (MSC service thread 1-1) WFLYUT0012: Started server default-server.
2025-03-23 16:06:07,595 INFO  [org.wildfly.extension.undertow] (MSC service thread 1-1) Queuing requests.
2025-03-23 16:06:07,595 INFO  [org.wildfly.extension.undertow] (MSC service thread 1-1) WFLYUT0018: Host default-host starting
2025-03-23 16:06:07,654 INFO  [org.wildfly.extension.undertow] (MSC service thread 1-7) WFLYUT0006: Undertow HTTP listener default listening on 127.0.0.1:8080
2025-03-23 16:06:07,699 INFO  [org.jboss.as.ejb3] (MSC service thread 1-4) WFLYEJB0493: Jakarta Enterprise Beans subsystem suspension complete
2025-03-23 16:06:07,703 INFO  [org.wildfly.extension.undertow] (MSC service thread 1-8) WFLYUT0006: Undertow HTTPS listener https listening on 127.0.0.1:8443
2025-03-23 16:06:07,744 INFO  [org.jboss.as.server.deployment.scanner] (MSC service thread 1-6) WFLYDS0013: Started FileSystemDeploymentService for directory /Users/jackjibb/eclipse-workspace/Bank/Wildfly-server/standalone/deployments
2025-03-23 16:06:07,754 INFO  [org.jboss.as.connector.subsystems.datasources] (MSC service thread 1-6) WFLYJCA0001: Bound data source [java:jboss/datasources/ExampleDS]
2025-03-23 16:06:07,754 INFO  [org.jboss.as.connector.subsystems.datasources] (MSC service thread 1-2) WFLYJCA0001: Bound data source [java:/BankDS]
2025-03-23 16:06:07,766 INFO  [org.wildfly.extension.messaging-activemq] (MSC service thread 1-7) WFLYMSGAMQ0001: AIO wasn't located on this platform, it will fall back to using pure Java NIO.
2025-03-23 16:06:07,841 INFO  [org.jboss.ws.common.management] (MSC service thread 1-4) JBWS022052: Starting JBossWS 7.1.0.Final (Apache CXF 4.0.5) 
2025-03-23 16:06:07,842 INFO  [org.wildfly.iiop.openjdk] (MSC service thread 1-3) WFLYIIOP0009: CORBA ORB Service started
2025-03-23 16:06:07,871 INFO  [org.apache.activemq.artemis.core.server] (ServerService Thread Pool -- 82) AMQ221000: Primary message broker is starting with configuration Broker Configuration (clustered=false,journalDirectory=/Users/jackjibb/eclipse-workspace/Bank/Wildfly-server/standalone/data/activemq/journal,bindingsDirectory=/Users/jackjibb/eclipse-workspace/Bank/Wildfly-server/standalone/data/activemq/bindings,largeMessagesDirectory=/Users/jackjibb/eclipse-workspace/Bank/Wildfly-server/standalone/data/activemq/largemessages,pagingDirectory=/Users/jackjibb/eclipse-workspace/Bank/Wildfly-server/standalone/data/activemq/paging)
2025-03-23 16:06:07,905 INFO  [org.apache.activemq.artemis.core.server] (ServerService Thread Pool -- 82) AMQ221013: Using NIO Journal
2025-03-23 16:06:08,005 INFO  [org.apache.activemq.artemis.core.server] (ServerService Thread Pool -- 82) AMQ221043: Protocol module found: [artemis-server]. Adding protocol support for: CORE
2025-03-23 16:06:08,006 INFO  [org.apache.activemq.artemis.core.server] (ServerService Thread Pool -- 82) AMQ221043: Protocol module found: [artemis-amqp-protocol]. Adding protocol support for: AMQP
2025-03-23 16:06:08,007 INFO  [org.apache.activemq.artemis.core.server] (ServerService Thread Pool -- 82) AMQ221043: Protocol module found: [artemis-hornetq-protocol]. Adding protocol support for: HORNETQ
2025-03-23 16:06:08,007 INFO  [org.apache.activemq.artemis.core.server] (ServerService Thread Pool -- 82) AMQ221043: Protocol module found: [artemis-stomp-protocol]. Adding protocol support for: STOMP
2025-03-23 16:06:08,068 INFO  [org.apache.activemq.artemis.core.server] (ServerService Thread Pool -- 82) AMQ221034: Waiting indefinitely to obtain primary lock
2025-03-23 16:06:08,069 INFO  [org.apache.activemq.artemis.core.server] (ServerService Thread Pool -- 82) AMQ221035: Primary Server Obtained primary lock
2025-03-23 16:06:08,269 WARN  [org.jboss.as.server.deployment] (MSC service thread 1-5) WFLYSRV0293: The 'javax.servlet.jsp.api' module alias has been added as a dependency to 'Bank.war' deployment via jboss-deployment-structure.xml. While this is allowed, it is recommended to use its target module instead. Consider replacing this alias with its target module 'jakarta.servlet.jsp.api'.
2025-03-23 16:06:08,554 INFO  [org.jboss.as.jpa] (MSC service thread 1-6) WFLYJPA0002: Read persistence.xml for Bank
2025-03-23 16:06:08,650 INFO  [org.jipijapa] (MSC service thread 1-7) JIPIORMV6020260: Second level cache enabled for Bank.war#Bank
2025-03-23 16:06:08,718 INFO  [org.apache.activemq.artemis.core.server] (ServerService Thread Pool -- 82) AMQ221003: Deploying ANYCAST queue jms.queue.ExpiryQueue on address jms.queue.ExpiryQueue
2025-03-23 16:06:08,728 INFO  [org.apache.activemq.artemis.core.server] (ServerService Thread Pool -- 82) AMQ221003: Deploying ANYCAST queue jms.queue.DLQ on address jms.queue.DLQ
2025-03-23 16:06:08,765 INFO  [org.wildfly.extension.messaging-activemq] (MSC service thread 1-5) WFLYMSGAMQ0016: Registered HTTP upgrade for activemq-remoting protocol handled by http-acceptor acceptor
2025-03-23 16:06:08,765 INFO  [org.wildfly.extension.messaging-activemq] (MSC service thread 1-3) WFLYMSGAMQ0016: Registered HTTP upgrade for activemq-remoting protocol handled by http-acceptor acceptor
2025-03-23 16:06:08,766 INFO  [org.wildfly.extension.messaging-activemq] (MSC service thread 1-4) WFLYMSGAMQ0016: Registered HTTP upgrade for activemq-remoting protocol handled by http-acceptor-throughput acceptor
2025-03-23 16:06:08,765 INFO  [org.wildfly.extension.messaging-activemq] (MSC service thread 1-6) WFLYMSGAMQ0016: Registered HTTP upgrade for activemq-remoting protocol handled by http-acceptor-throughput acceptor
2025-03-23 16:06:08,814 INFO  [org.jboss.weld.deployer] (MSC service thread 1-1) WFLYWELD0003: Processing weld deployment Bank.war
2025-03-23 16:06:08,921 INFO  [org.hibernate.validator.internal.util.Version] (MSC service thread 1-1) HV000001: Hibernate Validator 8.0.1.Final
2025-03-23 16:06:09,084 INFO  [org.jboss.as.ejb3.deployment] (MSC service thread 1-1) WFLYEJB0473: JNDI bindings for session bean named 'BankDAO' in deployment unit 'deployment "Bank.war"' are as follows:

	java:global/Bank/BankDAO!com.bank.dao.BankDAO
	java:app/Bank/BankDAO!com.bank.dao.BankDAO
	java:module/BankDAO!com.bank.dao.BankDAO
	java:global/Bank/BankDAO
	java:app/Bank/BankDAO
	java:module/BankDAO

2025-03-23 16:06:09,150 INFO  [org.infinispan.CONTAINER] (ServerService Thread Pool -- 83) ISPN000556: Starting user marshaller 'org.wildfly.clustering.infinispan.marshalling.jboss.JBossMarshaller'
2025-03-23 16:06:09,264 INFO  [org.apache.activemq.artemis.core.server] (ServerService Thread Pool -- 82) AMQ221007: Server is now active
2025-03-23 16:06:09,265 INFO  [org.apache.activemq.artemis.core.server] (ServerService Thread Pool -- 82) AMQ221001: Apache ActiveMQ Artemis Message Broker version 2.35.0 [default, nodeID=75b34986-f80a-11ef-9410-a07817ada456] 
2025-03-23 16:06:09,276 INFO  [org.wildfly.extension.messaging-activemq] (ServerService Thread Pool -- 82) WFLYMSGAMQ0002: Bound messaging object to jndi name java:/ConnectionFactory
2025-03-23 16:06:09,287 INFO  [org.wildfly.extension.messaging-activemq] (ServerService Thread Pool -- 84) WFLYMSGAMQ0002: Bound messaging object to jndi name java:jboss/exported/jms/RemoteConnectionFactory
2025-03-23 16:06:09,320 INFO  [org.jipijapa] (MSC service thread 1-5) JIPIORMV6020260: Second level cache enabled for Bank.war#Bank
2025-03-23 16:06:09,328 INFO  [org.jboss.as.connector.deployment] (MSC service thread 1-2) WFLYJCA0007: Registered connection factory java:/JmsXA
2025-03-23 16:06:09,366 INFO  [org.apache.activemq.artemis.ra.ActiveMQRALogger] (MSC service thread 1-2) AMQ151007: Resource adaptor started
2025-03-23 16:06:09,367 INFO  [org.jboss.as.connector.services.resourceadapters.ResourceAdapterActivatorService$ResourceAdapterActivator] (MSC service thread 1-2) IJ020002: Deployed: file://RaActivatoractivemq-ra
2025-03-23 16:06:09,368 INFO  [org.jboss.as.connector.deployment] (MSC service thread 1-3) WFLYJCA0002: Bound Jakarta Connectors ConnectionFactory [java:/JmsXA]
2025-03-23 16:06:09,368 INFO  [org.jboss.as.connector.deployment] (MSC service thread 1-1) WFLYJCA0118: Binding connection factory named java:/JmsXA to alias java:jboss/DefaultJMSConnectionFactory
2025-03-23 16:06:09,382 INFO  [org.jboss.weld.Version] (MSC service thread 1-5) WELD-000900: 5.1.2 (Final)
2025-03-23 16:06:09,570 INFO  [org.jboss.as.jpa] (ServerService Thread Pool -- 83) WFLYJPA0010: Starting Persistence Unit (phase 1 of 2) Service 'Bank.war#Bank'
2025-03-23 16:06:09,591 INFO  [org.hibernate.jpa.internal.util.LogHelper] (ServerService Thread Pool -- 83) HHH000204: Processing PersistenceUnitInfo [name: Bank]
2025-03-23 16:06:09,637 INFO  [org.hibernate.Version] (ServerService Thread Pool -- 83) HHH000412: Hibernate ORM core version 6.4.4.Final
2025-03-23 16:06:09,962 INFO  [org.hibernate.cache.internal.RegionFactoryInitiator] (ServerService Thread Pool -- 83) HHH000025: Second-level cache region factory [org.infinispan.hibernate.cache.v62.InfinispanRegionFactory]
2025-03-23 16:06:10,014 INFO  [org.hibernate.envers.boot.internal.EnversServiceImpl] (ServerService Thread Pool -- 83) Envers integration enabled? : true
2025-03-23 16:06:10,124 INFO  [org.jboss.as.jpa] (ServerService Thread Pool -- 83) WFLYJPA0010: Starting Persistence Unit (phase 2 of 2) Service 'Bank.war#Bank'
2025-03-23 16:06:11,296 WARN  [org.wildfly.extension.undertow] (MSC service thread 1-4) WFLYUT0101: Duplicate servlet mapping /Controller found
2025-03-23 16:06:11,648 INFO  [org.jboss.resteasy.resteasy_jaxrs.i18n] (ServerService Thread Pool -- 91) RESTEASY002225: Deploying jakarta.ws.rs.core.Application: class com.bank.rest.RestApplication
2025-03-23 16:06:11,679 INFO  [org.wildfly.extension.undertow] (ServerService Thread Pool -- 91) WFLYUT0021: Registered web context: '/Bank' for server 'default-server'
2025-03-23 16:06:11,735 INFO  [org.jboss.as.server] (ServerService Thread Pool -- 47) WFLYSRV0010: Deployed "Bank.war" (runtime-name : "Bank.war")
2025-03-23 16:06:11,776 INFO  [org.jboss.as.server] (Controller Boot Thread) WFLYSRV0212: Resuming server
2025-03-23 16:06:11,783 INFO  [org.jboss.as] (Controller Boot Thread) WFLYSRV0060: Http management interface listening on http://127.0.0.1:9990/management
2025-03-23 16:06:11,783 INFO  [org.jboss.as] (Controller Boot Thread) WFLYSRV0051: Admin console listening on http://127.0.0.1:9990
2025-03-23 16:06:11,787 INFO  [org.jboss.as] (Controller Boot Thread) WFLYSRV0025: WildFly 33.0.2.Final (WildFly Core 25.0.2.Final) started in 6335ms - Started 858 of 1068 services (341 services are lazy, passive or on-demand) - Server configuration file in use: standalone-full.xml - Minimum feature stability level: community
2025-03-23 16:11:27,246 INFO  [org.wildfly.extension.undertow] (ServerService Thread Pool -- 9) WFLYUT0022: Unregistered web context: '/Bank' from server 'default-server'
2025-03-23 16:11:27,434 INFO  [org.jboss.as.jpa] (ServerService Thread Pool -- 118) WFLYJPA0011: Stopping Persistence Unit (phase 2 of 2) Service 'Bank.war#Bank'
2025-03-23 16:11:27,438 INFO  [org.hibernate.orm.beans] (ServerService Thread Pool -- 118) HHH10005004: Stopping BeanContainer : org.hibernate.resource.beans.container.internal.CdiBeanContainerExtendedAccessImpl@72a763ea
2025-03-23 16:11:27,442 INFO  [org.jboss.as.jpa] (ServerService Thread Pool -- 118) WFLYJPA0011: Stopping Persistence Unit (phase 1 of 2) Service 'Bank.war#Bank'
2025-03-23 16:11:27,468 INFO  [org.jboss.as.server.deployment] (MSC service thread 1-7) WFLYSRV0028: Stopped deployment Bank.war (runtime-name: Bank.war) in 229ms
2025-03-23 16:11:27,473 INFO  [org.jboss.as.server.deployment] (MSC service thread 1-3) WFLYSRV0027: Starting deployment of "Bank.war" (runtime-name: "Bank.war")
2025-03-23 16:11:27,756 WARN  [org.jboss.as.server.deployment] (MSC service thread 1-3) WFLYSRV0293: The 'javax.servlet.jsp.api' module alias has been added as a dependency to 'Bank.war' deployment via jboss-deployment-structure.xml. While this is allowed, it is recommended to use its target module instead. Consider replacing this alias with its target module 'jakarta.servlet.jsp.api'.
2025-03-23 16:11:27,802 INFO  [org.jboss.as.jpa] (MSC service thread 1-3) WFLYJPA0002: Read persistence.xml for Bank
2025-03-23 16:11:27,822 INFO  [org.jipijapa] (MSC service thread 1-7) JIPIORMV6020260: Second level cache enabled for Bank.war#Bank
2025-03-23 16:11:27,834 INFO  [org.jboss.weld.deployer] (MSC service thread 1-8) WFLYWELD0003: Processing weld deployment Bank.war
2025-03-23 16:11:27,837 INFO  [org.infinispan.CONTAINER] (ServerService Thread Pool -- 118) ISPN000556: Starting user marshaller 'org.wildfly.clustering.infinispan.marshalling.jboss.JBossMarshaller'
2025-03-23 16:11:27,851 INFO  [org.jboss.as.ejb3.deployment] (MSC service thread 1-8) WFLYEJB0473: JNDI bindings for session bean named 'BankDAO' in deployment unit 'deployment "Bank.war"' are as follows:

	java:global/Bank/BankDAO!com.bank.dao.BankDAO
	java:app/Bank/BankDAO!com.bank.dao.BankDAO
	java:module/BankDAO!com.bank.dao.BankDAO
	java:global/Bank/BankDAO
	java:app/Bank/BankDAO
	java:module/BankDAO

2025-03-23 16:11:27,851 INFO  [org.jboss.as.jpa] (ServerService Thread Pool -- 118) WFLYJPA0010: Starting Persistence Unit (phase 1 of 2) Service 'Bank.war#Bank'
2025-03-23 16:11:27,852 INFO  [org.hibernate.jpa.internal.util.LogHelper] (ServerService Thread Pool -- 118) HHH000204: Processing PersistenceUnitInfo [name: Bank]
2025-03-23 16:11:27,872 INFO  [org.hibernate.cache.internal.RegionFactoryInitiator] (ServerService Thread Pool -- 118) HHH000025: Second-level cache region factory [org.infinispan.hibernate.cache.v62.InfinispanRegionFactory]
2025-03-23 16:11:27,876 INFO  [org.hibernate.envers.boot.internal.EnversServiceImpl] (ServerService Thread Pool -- 118) Envers integration enabled? : true
2025-03-23 16:11:27,902 INFO  [org.jipijapa] (MSC service thread 1-6) JIPIORMV6020260: Second level cache enabled for Bank.war#Bank
2025-03-23 16:11:27,935 INFO  [org.jboss.as.jpa] (ServerService Thread Pool -- 118) WFLYJPA0010: Starting Persistence Unit (phase 2 of 2) Service 'Bank.war#Bank'
2025-03-23 16:11:28,122 WARN  [org.wildfly.extension.undertow] (MSC service thread 1-7) WFLYUT0101: Duplicate servlet mapping /Controller found
2025-03-23 16:11:28,140 INFO  [org.jboss.resteasy.resteasy_jaxrs.i18n] (ServerService Thread Pool -- 114) RESTEASY002225: Deploying jakarta.ws.rs.core.Application: class com.bank.rest.RestApplication
2025-03-23 16:11:28,143 INFO  [org.wildfly.extension.undertow] (ServerService Thread Pool -- 114) WFLYUT0021: Registered web context: '/Bank' for server 'default-server'
2025-03-23 16:11:28,172 INFO  [org.jboss.as.server] (DeploymentScanner-threads - 1) WFLYSRV0016: Replaced deployment "Bank.war" with deployment "Bank.war"
2025-03-23 16:12:26,569 INFO  [stdout] (default task-1) Hibernate: select a1_0.accountID,a1_0.accountAlias,a1_0.accountBalance,a1_0.studentID from Accounts a1_0
2025-03-23 16:12:26,570 INFO  [stdout] (default task-2) Hibernate: select a1_0.accountID,a1_0.accountAlias,a1_0.accountBalance,a1_0.studentID from Accounts a1_0
2025-03-23 16:12:26,644 INFO  [stdout] (default task-2) Hibernate: select s1_0.studentID,s1_0.studentAddress,s1_0.studentEmail,s1_0.studentName,s1_0.studentPhone from Students s1_0 where s1_0.studentID=?
2025-03-23 16:12:26,652 INFO  [stdout] (default task-1) Hibernate: select s1_0.studentID,s1_0.studentAddress,s1_0.studentEmail,s1_0.studentName,s1_0.studentPhone from Students s1_0 where s1_0.studentID=?
2025-03-23 16:12:27,881 INFO  [stdout] (default task-1) Hibernate: select a1_0.accountID,a1_0.accountAlias,a1_0.accountBalance,a1_0.studentID from Accounts a1_0
2025-03-23 16:12:27,895 INFO  [stdout] (default task-1) Hibernate: select s1_0.studentID,s1_0.studentAddress,s1_0.studentEmail,s1_0.studentName,s1_0.studentPhone from Students s1_0 where s1_0.studentID=?
2025-03-23 16:12:27,909 INFO  [stdout] (default task-1) Hibernate: select s1_0.studentID,s1_0.studentAddress,s1_0.studentEmail,s1_0.studentName,s1_0.studentPhone from Students s1_0
2025-03-23 16:12:28,970 INFO  [stdout] (default task-1) Hibernate: select a1_0.accountID,a1_0.accountAlias,a1_0.accountBalance,a1_0.studentID from Accounts a1_0
2025-03-23 16:12:28,979 INFO  [stdout] (default task-1) Hibernate: select s1_0.studentID,s1_0.studentAddress,s1_0.studentEmail,s1_0.studentName,s1_0.studentPhone from Students s1_0 where s1_0.studentID=?
2025-03-23 16:12:28,994 INFO  [stdout] (default task-1) Hibernate: select a1_0.accountID,a1_0.accountAlias,a1_0.accountBalance,a1_0.studentID from Accounts a1_0
2025-03-23 16:12:29,003 INFO  [stdout] (default task-1) Hibernate: select s1_0.studentID,s1_0.studentAddress,s1_0.studentEmail,s1_0.studentName,s1_0.studentPhone from Students s1_0 where s1_0.studentID=?
2025-03-23 16:12:38,970 INFO  [stdout] (default task-1) Hibernate: select a1_0.accountID,a1_0.accountAlias,a1_0.accountBalance,a1_0.studentID from Accounts a1_0
2025-03-23 16:12:38,981 INFO  [stdout] (default task-1) Hibernate: select s1_0.studentID,s1_0.studentAddress,s1_0.studentEmail,s1_0.studentName,s1_0.studentPhone from Students s1_0 where s1_0.studentID=?
2025-03-23 16:12:39,002 INFO  [stdout] (default task-1) Hibernate: select a1_0.accountID,a1_0.accountAlias,a1_0.accountBalance,a1_0.studentID from Accounts a1_0
2025-03-23 16:12:39,006 INFO  [stdout] (default task-1) Hibernate: select s1_0.studentID,s1_0.studentAddress,s1_0.studentEmail,s1_0.studentName,s1_0.studentPhone from Students s1_0 where s1_0.studentID=?
2025-03-23 16:12:39,781 INFO  [stdout] (default task-2) Hibernate: select a1_0.accountID,a1_0.accountAlias,a1_0.accountBalance,a1_0.studentID from Accounts a1_0
2025-03-23 16:12:39,782 INFO  [stdout] (default task-1) Hibernate: select a1_0.accountID,a1_0.accountAlias,a1_0.accountBalance,a1_0.studentID from Accounts a1_0
2025-03-23 16:12:39,792 INFO  [stdout] (default task-1) Hibernate: select s1_0.studentID,s1_0.studentAddress,s1_0.studentEmail,s1_0.studentName,s1_0.studentPhone from Students s1_0 where s1_0.studentID=?
2025-03-23 16:12:39,792 INFO  [stdout] (default task-2) Hibernate: select s1_0.studentID,s1_0.studentAddress,s1_0.studentEmail,s1_0.studentName,s1_0.studentPhone from Students s1_0 where s1_0.studentID=?
2025-03-23 16:12:45,405 INFO  [stdout] (default task-2) Hibernate: select a1_0.accountID,a1_0.accountAlias,a1_0.accountBalance,a1_0.studentID from Accounts a1_0
2025-03-23 16:12:45,417 INFO  [stdout] (default task-2) Hibernate: select s1_0.studentID,s1_0.studentAddress,s1_0.studentEmail,s1_0.studentName,s1_0.studentPhone from Students s1_0 where s1_0.studentID=?
2025-03-23 16:12:45,429 INFO  [stdout] (default task-2) Hibernate: select a1_0.accountID,a1_0.accountAlias,a1_0.accountBalance,a1_0.studentID from Accounts a1_0
2025-03-23 16:12:45,438 INFO  [stdout] (default task-2) Hibernate: select s1_0.studentID,s1_0.studentAddress,s1_0.studentEmail,s1_0.studentName,s1_0.studentPhone from Students s1_0 where s1_0.studentID=?
2025-03-23 16:12:45,476 INFO  [stdout] (default task-1) Hibernate: select a1_0.accountID,a1_0.accountAlias,a1_0.accountBalance,a1_0.studentID from Accounts a1_0
2025-03-23 16:12:45,476 INFO  [stdout] (default task-3) Hibernate: select a1_0.accountID,a1_0.accountAlias,a1_0.accountBalance,a1_0.studentID from Accounts a1_0
2025-03-23 16:12:45,477 INFO  [stdout] (default task-4) Hibernate: select a1_0.accountID,a1_0.accountAlias,a1_0.accountBalance,a1_0.studentID from Accounts a1_0
2025-03-23 16:12:45,485 INFO  [stdout] (default task-3) Hibernate: select s1_0.studentID,s1_0.studentAddress,s1_0.studentEmail,s1_0.studentName,s1_0.studentPhone from Students s1_0 where s1_0.studentID=?
2025-03-23 16:12:45,485 INFO  [stdout] (default task-1) Hibernate: select s1_0.studentID,s1_0.studentAddress,s1_0.studentEmail,s1_0.studentName,s1_0.studentPhone from Students s1_0 where s1_0.studentID=?
2025-03-23 16:12:45,505 INFO  [stdout] (default task-3) Hibernate: select a1_0.accountID,a1_0.accountAlias,a1_0.accountBalance,a1_0.studentID from Accounts a1_0
2025-03-23 16:12:45,505 INFO  [stdout] (default task-1) Hibernate: select a1_0.accountID,a1_0.accountAlias,a1_0.accountBalance,a1_0.studentID from Accounts a1_0
2025-03-23 16:12:45,513 INFO  [stdout] (default task-1) Hibernate: select s1_0.studentID,s1_0.studentAddress,s1_0.studentEmail,s1_0.studentName,s1_0.studentPhone from Students s1_0 where s1_0.studentID=?
2025-03-23 16:12:45,514 INFO  [stdout] (default task-3) Hibernate: select s1_0.studentID,s1_0.studentAddress,s1_0.studentEmail,s1_0.studentName,s1_0.studentPhone from Students s1_0 where s1_0.studentID=?
2025-03-23 16:12:45,530 INFO  [stdout] (default task-4) Hibernate: select s1_0.studentID,s1_0.studentAddress,s1_0.studentEmail,s1_0.studentName,s1_0.studentPhone from Students s1_0 where s1_0.studentID=?
2025-03-23 16:12:45,540 INFO  [stdout] (default task-4) Hibernate: select a1_0.accountID,a1_0.accountAlias,a1_0.accountBalance,a1_0.studentID from Accounts a1_0
2025-03-23 16:12:45,543 INFO  [stdout] (default task-4) Hibernate: select s1_0.studentID,s1_0.studentAddress,s1_0.studentEmail,s1_0.studentName,s1_0.studentPhone from Students s1_0 where s1_0.studentID=?
2025-03-23 16:12:47,897 INFO  [stdout] (default task-4) Hibernate: select a1_0.accountID,a1_0.accountAlias,a1_0.accountBalance,a1_0.studentID from Accounts a1_0
2025-03-23 16:12:47,908 INFO  [stdout] (default task-4) Hibernate: select s1_0.studentID,s1_0.studentAddress,s1_0.studentEmail,s1_0.studentName,s1_0.studentPhone from Students s1_0 where s1_0.studentID=?
2025-03-23 16:12:47,927 INFO  [stdout] (default task-4) Hibernate: select a1_0.accountID,a1_0.accountAlias,a1_0.accountBalance,a1_0.studentID from Accounts a1_0
2025-03-23 16:12:47,934 INFO  [stdout] (default task-4) Hibernate: select s1_0.studentID,s1_0.studentAddress,s1_0.studentEmail,s1_0.studentName,s1_0.studentPhone from Students s1_0 where s1_0.studentID=?
2025-03-23 16:12:47,944 INFO  [stdout] (default task-4) Hibernate: select a1_0.accountID,a1_0.accountAlias,a1_0.accountBalance,a1_0.studentID from Accounts a1_0
2025-03-23 16:12:47,950 INFO  [stdout] (default task-4) Hibernate: select s1_0.studentID,s1_0.studentAddress,s1_0.studentEmail,s1_0.studentName,s1_0.studentPhone from Students s1_0 where s1_0.studentID=?
2025-03-23 16:12:47,958 INFO  [stdout] (default task-4) Hibernate: select a1_0.accountID,a1_0.accountAlias,a1_0.accountBalance,a1_0.studentID from Accounts a1_0
2025-03-23 16:12:47,964 INFO  [stdout] (default task-4) Hibernate: select s1_0.studentID,s1_0.studentAddress,s1_0.studentEmail,s1_0.studentName,s1_0.studentPhone from Students s1_0 where s1_0.studentID=?
2025-03-23 16:12:48,808 INFO  [stdout] (default task-4) Hibernate: select a1_0.accountID,a1_0.accountAlias,a1_0.accountBalance,a1_0.studentID from Accounts a1_0
2025-03-23 16:12:48,818 INFO  [stdout] (default task-4) Hibernate: select s1_0.studentID,s1_0.studentAddress,s1_0.studentEmail,s1_0.studentName,s1_0.studentPhone from Students s1_0 where s1_0.studentID=?
2025-03-23 16:12:48,828 INFO  [stdout] (default task-4) Hibernate: select s1_0.studentID,s1_0.studentAddress,s1_0.studentEmail,s1_0.studentName,s1_0.studentPhone from Students s1_0
2025-03-23 16:12:51,999 INFO  [stdout] (default task-4) Hibernate: select a1_0.accountID,a1_0.accountAlias,a1_0.accountBalance,a1_0.studentID from Accounts a1_0
2025-03-23 16:12:52,008 INFO  [stdout] (default task-4) Hibernate: select s1_0.studentID,s1_0.studentAddress,s1_0.studentEmail,s1_0.studentName,s1_0.studentPhone from Students s1_0 where s1_0.studentID=?
2025-03-23 16:12:52,023 INFO  [stdout] (default task-4) Hibernate: select a1_0.accountID,a1_0.accountAlias,a1_0.accountBalance,a1_0.studentID from Accounts a1_0
2025-03-23 16:12:52,031 INFO  [stdout] (default task-4) Hibernate: select s1_0.studentID,s1_0.studentAddress,s1_0.studentEmail,s1_0.studentName,s1_0.studentPhone from Students s1_0 where s1_0.studentID=?
2025-03-23 16:12:53,424 INFO  [stdout] (default task-4) Hibernate: select a1_0.accountID,a1_0.accountAlias,a1_0.accountBalance,a1_0.studentID from Accounts a1_0
2025-03-23 16:12:53,435 INFO  [stdout] (default task-4) Hibernate: select s1_0.studentID,s1_0.studentAddress,s1_0.studentEmail,s1_0.studentName,s1_0.studentPhone from Students s1_0 where s1_0.studentID=?
2025-03-23 16:12:53,446 INFO  [stdout] (default task-4) Student ID from cookie: 4
2025-03-23 16:12:53,473 INFO  [stdout] (default task-4) Hibernate: select a1_0.accountID,a1_0.accountAlias,a1_0.accountBalance,a1_0.studentID from Accounts a1_0 where a1_0.studentID=?
2025-03-23 16:12:53,487 INFO  [stdout] (default task-4) Hibernate: select a1_0.accountID,a1_0.accountAlias,a1_0.accountBalance,a1_0.studentID from Accounts a1_0
2025-03-23 16:12:53,487 INFO  [stdout] (default task-1) Hibernate: select a1_0.accountID,a1_0.accountAlias,a1_0.accountBalance,a1_0.studentID from Accounts a1_0
2025-03-23 16:12:53,491 INFO  [stdout] (default task-4) Hibernate: select s1_0.studentID,s1_0.studentAddress,s1_0.studentEmail,s1_0.studentName,s1_0.studentPhone from Students s1_0 where s1_0.studentID=?
2025-03-23 16:12:53,491 INFO  [stdout] (default task-1) Hibernate: select s1_0.studentID,s1_0.studentAddress,s1_0.studentEmail,s1_0.studentName,s1_0.studentPhone from Students s1_0 where s1_0.studentID=?
2025-03-23 16:12:53,497 INFO  [stdout] (default task-1) Student ID from cookie: 4
2025-03-23 16:12:53,497 INFO  [stdout] (default task-4) Student ID from cookie: 4
2025-03-23 16:12:53,498 INFO  [stdout] (default task-1) Hibernate: select a1_0.accountID,a1_0.accountAlias,a1_0.accountBalance,a1_0.studentID from Accounts a1_0 where a1_0.studentID=?
2025-03-23 16:12:53,498 INFO  [stdout] (default task-4) Hibernate: select a1_0.accountID,a1_0.accountAlias,a1_0.accountBalance,a1_0.studentID from Accounts a1_0 where a1_0.studentID=?
2025-03-23 16:12:53,503 INFO  [stdout] (default task-3) Hibernate: select a1_0.accountID,a1_0.accountAlias,a1_0.accountBalance,a1_0.studentID from Accounts a1_0
2025-03-23 16:12:53,524 INFO  [stdout] (default task-3) Hibernate: select s1_0.studentID,s1_0.studentAddress,s1_0.studentEmail,s1_0.studentName,s1_0.studentPhone from Students s1_0 where s1_0.studentID=?
2025-03-23 16:12:53,534 INFO  [stdout] (default task-3) Student ID from cookie: 4
2025-03-23 16:12:53,534 INFO  [stdout] (default task-3) Hibernate: select a1_0.accountID,a1_0.accountAlias,a1_0.accountBalance,a1_0.studentID from Accounts a1_0 where a1_0.studentID=?
2025-03-23 16:21:54,094 INFO  [org.wildfly.extension.undertow] (ServerService Thread Pool -- 114) WFLYUT0022: Unregistered web context: '/Bank' from server 'default-server'
2025-03-23 16:21:54,125 INFO  [org.jboss.as.jpa] (ServerService Thread Pool -- 124) WFLYJPA0011: Stopping Persistence Unit (phase 2 of 2) Service 'Bank.war#Bank'
2025-03-23 16:21:54,127 INFO  [org.hibernate.orm.beans] (ServerService Thread Pool -- 124) HHH10005004: Stopping BeanContainer : org.hibernate.resource.beans.container.internal.CdiBeanContainerExtendedAccessImpl@7a41b3ab
2025-03-23 16:21:54,129 INFO  [org.jboss.as.jpa] (ServerService Thread Pool -- 124) WFLYJPA0011: Stopping Persistence Unit (phase 1 of 2) Service 'Bank.war#Bank'
2025-03-23 16:21:54,142 INFO  [org.jboss.as.server.deployment] (MSC service thread 1-8) WFLYSRV0028: Stopped deployment Bank.war (runtime-name: Bank.war) in 55ms
2025-03-23 16:21:54,144 INFO  [org.jboss.as.server.deployment] (MSC service thread 1-5) WFLYSRV0027: Starting deployment of "Bank.war" (runtime-name: "Bank.war")
2025-03-23 16:21:54,363 WARN  [org.jboss.as.server.deployment] (MSC service thread 1-5) WFLYSRV0293: The 'javax.servlet.jsp.api' module alias has been added as a dependency to 'Bank.war' deployment via jboss-deployment-structure.xml. While this is allowed, it is recommended to use its target module instead. Consider replacing this alias with its target module 'jakarta.servlet.jsp.api'.
2025-03-23 16:21:54,423 INFO  [org.jboss.as.jpa] (MSC service thread 1-3) WFLYJPA0002: Read persistence.xml for Bank
2025-03-23 16:21:54,467 INFO  [org.jipijapa] (MSC service thread 1-4) JIPIORMV6020260: Second level cache enabled for Bank.war#Bank
2025-03-23 16:21:54,488 INFO  [org.infinispan.CONTAINER] (ServerService Thread Pool -- 124) ISPN000556: Starting user marshaller 'org.wildfly.clustering.infinispan.marshalling.jboss.JBossMarshaller'
2025-03-23 16:21:54,490 INFO  [org.jboss.weld.deployer] (MSC service thread 1-5) WFLYWELD0003: Processing weld deployment Bank.war
2025-03-23 16:21:54,507 INFO  [org.jboss.as.jpa] (ServerService Thread Pool -- 124) WFLYJPA0010: Starting Persistence Unit (phase 1 of 2) Service 'Bank.war#Bank'
2025-03-23 16:21:54,508 INFO  [org.hibernate.jpa.internal.util.LogHelper] (ServerService Thread Pool -- 124) HHH000204: Processing PersistenceUnitInfo [name: Bank]
2025-03-23 16:21:54,513 INFO  [org.jboss.as.ejb3.deployment] (MSC service thread 1-5) WFLYEJB0473: JNDI bindings for session bean named 'BankDAO' in deployment unit 'deployment "Bank.war"' are as follows:

	java:global/Bank/BankDAO!com.bank.dao.BankDAO
	java:app/Bank/BankDAO!com.bank.dao.BankDAO
	java:module/BankDAO!com.bank.dao.BankDAO
	java:global/Bank/BankDAO
	java:app/Bank/BankDAO
	java:module/BankDAO

2025-03-23 16:21:54,533 INFO  [org.hibernate.cache.internal.RegionFactoryInitiator] (ServerService Thread Pool -- 124) HHH000025: Second-level cache region factory [org.infinispan.hibernate.cache.v62.InfinispanRegionFactory]
2025-03-23 16:21:54,537 INFO  [org.hibernate.envers.boot.internal.EnversServiceImpl] (ServerService Thread Pool -- 124) Envers integration enabled? : true
2025-03-23 16:21:54,576 INFO  [org.jipijapa] (MSC service thread 1-4) JIPIORMV6020260: Second level cache enabled for Bank.war#Bank
2025-03-23 16:21:54,630 INFO  [org.jboss.as.jpa] (ServerService Thread Pool -- 124) WFLYJPA0010: Starting Persistence Unit (phase 2 of 2) Service 'Bank.war#Bank'
2025-03-23 16:21:54,855 WARN  [org.wildfly.extension.undertow] (MSC service thread 1-5) WFLYUT0101: Duplicate servlet mapping /Controller found
2025-03-23 16:21:54,875 INFO  [org.jboss.resteasy.resteasy_jaxrs.i18n] (ServerService Thread Pool -- 121) RESTEASY002225: Deploying jakarta.ws.rs.core.Application: class com.bank.rest.RestApplication
2025-03-23 16:21:54,879 INFO  [org.wildfly.extension.undertow] (ServerService Thread Pool -- 121) WFLYUT0021: Registered web context: '/Bank' for server 'default-server'
2025-03-23 16:21:54,905 INFO  [org.jboss.as.server] (DeploymentScanner-threads - 1) WFLYSRV0016: Replaced deployment "Bank.war" with deployment "Bank.war"
2025-03-23 16:22:09,575 INFO  [stdout] (default task-3) Hibernate: select a1_0.accountID,a1_0.accountAlias,a1_0.accountBalance,a1_0.studentID from Accounts a1_0
2025-03-23 16:22:09,575 INFO  [stdout] (default task-1) Hibernate: select a1_0.accountID,a1_0.accountAlias,a1_0.accountBalance,a1_0.studentID from Accounts a1_0
2025-03-23 16:22:09,590 INFO  [stdout] (default task-3) Hibernate: select s1_0.studentID,s1_0.studentAddress,s1_0.studentEmail,s1_0.studentName,s1_0.studentPhone from Students s1_0 where s1_0.studentID=?
2025-03-23 16:22:09,590 INFO  [stdout] (default task-1) Hibernate: select s1_0.studentID,s1_0.studentAddress,s1_0.studentEmail,s1_0.studentName,s1_0.studentPhone from Students s1_0 where s1_0.studentID=?
2025-03-23 16:22:15,752 INFO  [stdout] (default task-1) Hibernate: select a1_0.accountID,a1_0.accountAlias,a1_0.accountBalance,a1_0.studentID from Accounts a1_0
2025-03-23 16:22:15,770 INFO  [stdout] (default task-1) Hibernate: select s1_0.studentID,s1_0.studentAddress,s1_0.studentEmail,s1_0.studentName,s1_0.studentPhone from Students s1_0 where s1_0.studentID=?
2025-03-23 16:22:15,781 INFO  [stdout] (default task-1) Hibernate: select a1_0.accountID,a1_0.accountAlias,a1_0.accountBalance,a1_0.studentID from Accounts a1_0
2025-03-23 16:22:15,784 INFO  [stdout] (default task-1) Hibernate: select s1_0.studentID,s1_0.studentAddress,s1_0.studentEmail,s1_0.studentName,s1_0.studentPhone from Students s1_0 where s1_0.studentID=?
2025-03-23 16:22:16,456 INFO  [stdout] (default task-1) Hibernate: select a1_0.accountID,a1_0.accountAlias,a1_0.accountBalance,a1_0.studentID from Accounts a1_0
2025-03-23 16:22:16,467 INFO  [stdout] (default task-1) Hibernate: select s1_0.studentID,s1_0.studentAddress,s1_0.studentEmail,s1_0.studentName,s1_0.studentPhone from Students s1_0 where s1_0.studentID=?
2025-03-23 16:22:16,481 INFO  [stdout] (default task-1) Hibernate: select s1_0.studentID,s1_0.studentAddress,s1_0.studentEmail,s1_0.studentName,s1_0.studentPhone from Students s1_0
2025-03-23 16:22:19,286 INFO  [stdout] (default task-1) Hibernate: select a1_0.accountID,a1_0.accountAlias,a1_0.accountBalance,a1_0.studentID from Accounts a1_0
2025-03-23 16:22:19,298 INFO  [stdout] (default task-1) Hibernate: select s1_0.studentID,s1_0.studentAddress,s1_0.studentEmail,s1_0.studentName,s1_0.studentPhone from Students s1_0 where s1_0.studentID=?
2025-03-23 16:22:19,316 INFO  [stdout] (default task-1) Hibernate: select a1_0.accountID,a1_0.accountAlias,a1_0.accountBalance,a1_0.studentID from Accounts a1_0
2025-03-23 16:22:19,320 INFO  [stdout] (default task-1) Hibernate: select s1_0.studentID,s1_0.studentAddress,s1_0.studentEmail,s1_0.studentName,s1_0.studentPhone from Students s1_0 where s1_0.studentID=?
2025-03-23 16:22:20,822 INFO  [stdout] (default task-1) Hibernate: select a1_0.accountID,a1_0.accountAlias,a1_0.accountBalance,a1_0.studentID from Accounts a1_0
2025-03-23 16:22:20,836 INFO  [stdout] (default task-1) Hibernate: select s1_0.studentID,s1_0.studentAddress,s1_0.studentEmail,s1_0.studentName,s1_0.studentPhone from Students s1_0 where s1_0.studentID=?
2025-03-23 16:22:20,849 INFO  [stdout] (default task-1) Student ID from cookie: 4
2025-03-23 16:22:20,853 INFO  [stdout] (default task-1) Hibernate: select a1_0.accountID,a1_0.accountAlias,a1_0.accountBalance,a1_0.studentID from Accounts a1_0 where a1_0.studentID=?
2025-03-23 16:22:20,879 INFO  [stdout] (default task-3) Hibernate: select a1_0.accountID,a1_0.accountAlias,a1_0.accountBalance,a1_0.studentID from Accounts a1_0
2025-03-23 16:22:20,879 INFO  [stdout] (default task-5) Hibernate: select a1_0.accountID,a1_0.accountAlias,a1_0.accountBalance,a1_0.studentID from Accounts a1_0
2025-03-23 16:22:20,880 INFO  [stdout] (default task-6) Hibernate: select a1_0.accountID,a1_0.accountAlias,a1_0.accountBalance,a1_0.studentID from Accounts a1_0
2025-03-23 16:22:20,884 INFO  [stdout] (default task-3) Hibernate: select s1_0.studentID,s1_0.studentAddress,s1_0.studentEmail,s1_0.studentName,s1_0.studentPhone from Students s1_0 where s1_0.studentID=?
2025-03-23 16:22:20,884 INFO  [stdout] (default task-5) Hibernate: select s1_0.studentID,s1_0.studentAddress,s1_0.studentEmail,s1_0.studentName,s1_0.studentPhone from Students s1_0 where s1_0.studentID=?
2025-03-23 16:22:20,885 INFO  [stdout] (default task-6) Hibernate: select s1_0.studentID,s1_0.studentAddress,s1_0.studentEmail,s1_0.studentName,s1_0.studentPhone from Students s1_0 where s1_0.studentID=?
2025-03-23 16:22:20,892 INFO  [stdout] (default task-3) Student ID from cookie: 4
2025-03-23 16:22:20,893 INFO  [stdout] (default task-5) Student ID from cookie: 4
2025-03-23 16:22:20,894 INFO  [stdout] (default task-5) Hibernate: select a1_0.accountID,a1_0.accountAlias,a1_0.accountBalance,a1_0.studentID from Accounts a1_0 where a1_0.studentID=?
2025-03-23 16:22:20,894 INFO  [stdout] (default task-3) Hibernate: select a1_0.accountID,a1_0.accountAlias,a1_0.accountBalance,a1_0.studentID from Accounts a1_0 where a1_0.studentID=?
2025-03-23 16:22:20,897 INFO  [stdout] (default task-6) Student ID from cookie: 4
2025-03-23 16:22:20,898 INFO  [stdout] (default task-6) Hibernate: select a1_0.accountID,a1_0.accountAlias,a1_0.accountBalance,a1_0.studentID from Accounts a1_0 where a1_0.studentID=?
2025-03-23 16:22:22,872 INFO  [stdout] (default task-6) Hibernate: select a1_0.accountID,a1_0.accountAlias,a1_0.accountBalance,a1_0.studentID from Accounts a1_0
2025-03-23 16:22:22,880 INFO  [stdout] (default task-6) Hibernate: select s1_0.studentID,s1_0.studentAddress,s1_0.studentEmail,s1_0.studentName,s1_0.studentPhone from Students s1_0 where s1_0.studentID=?
2025-03-23 16:22:22,925 INFO  [stdout] (default task-6) Hibernate: select a1_0.accountID,a1_0.accountAlias,a1_0.accountBalance,a1_0.studentID from Accounts a1_0
2025-03-23 16:22:22,930 INFO  [stdout] (default task-6) Hibernate: select s1_0.studentID,s1_0.studentAddress,s1_0.studentEmail,s1_0.studentName,s1_0.studentPhone from Students s1_0 where s1_0.studentID=?
2025-03-23 16:22:26,490 INFO  [stdout] (default task-6) Hibernate: select s1_0.studentID,s1_0.studentAddress,s1_0.studentEmail,s1_0.studentName,s1_0.studentPhone from Students s1_0 where s1_0.studentID=?
2025-03-23 16:22:26,501 INFO  [stdout] (default task-6) Account being created...
2025-03-23 16:22:26,519 INFO  [stdout] (default task-6) Hibernate: insert into Accounts (accountAlias,accountBalance,studentID) values (?,?,?)
2025-03-23 16:22:26,619 INFO  [stdout] (default task-6) Hibernate: select a1_0.accountID,a1_0.accountAlias,a1_0.accountBalance,a1_0.studentID from Accounts a1_0
2025-03-23 16:22:26,625 INFO  [stdout] (default task-6) Hibernate: select s1_0.studentID,s1_0.studentAddress,s1_0.studentEmail,s1_0.studentName,s1_0.studentPhone from Students s1_0 where s1_0.studentID=?
2025-03-23 16:22:26,629 INFO  [stdout] (default task-6) Hibernate: select s1_0.studentID,s1_0.studentAddress,s1_0.studentEmail,s1_0.studentName,s1_0.studentPhone from Students s1_0 where s1_0.studentID=?
2025-03-23 16:22:26,639 INFO  [stdout] (default task-6) Hibernate: select a1_0.accountID,a1_0.accountAlias,a1_0.accountBalance,a1_0.studentID from Accounts a1_0
2025-03-23 16:22:26,645 INFO  [stdout] (default task-6) Hibernate: select s1_0.studentID,s1_0.studentAddress,s1_0.studentEmail,s1_0.studentName,s1_0.studentPhone from Students s1_0 where s1_0.studentID=?
2025-03-23 16:22:26,648 INFO  [stdout] (default task-6) Hibernate: select s1_0.studentID,s1_0.studentAddress,s1_0.studentEmail,s1_0.studentName,s1_0.studentPhone from Students s1_0 where s1_0.studentID=?
2025-03-23 16:22:27,970 INFO  [stdout] (default task-6) Hibernate: select a1_0.accountID,a1_0.accountAlias,a1_0.accountBalance,a1_0.studentID from Accounts a1_0
2025-03-23 16:22:27,980 INFO  [stdout] (default task-6) Hibernate: select s1_0.studentID,s1_0.studentAddress,s1_0.studentEmail,s1_0.studentName,s1_0.studentPhone from Students s1_0 where s1_0.studentID=?
2025-03-23 16:22:27,984 INFO  [stdout] (default task-6) Hibernate: select s1_0.studentID,s1_0.studentAddress,s1_0.studentEmail,s1_0.studentName,s1_0.studentPhone from Students s1_0 where s1_0.studentID=?
2025-03-23 16:22:27,995 INFO  [stdout] (default task-6) Student ID from cookie: 4
2025-03-23 16:22:27,996 INFO  [stdout] (default task-6) Hibernate: select a1_0.accountID,a1_0.accountAlias,a1_0.accountBalance,a1_0.studentID from Accounts a1_0 where a1_0.studentID=?
2025-03-23 16:22:28,001 INFO  [stdout] (default task-6) Hibernate: select s1_0.studentID,s1_0.studentAddress,s1_0.studentEmail,s1_0.studentName,s1_0.studentPhone from Students s1_0 where s1_0.studentID=?
2025-03-23 16:22:28,011 INFO  [stdout] (default task-6) Hibernate: select a1_0.accountID,a1_0.accountAlias,a1_0.accountBalance,a1_0.studentID from Accounts a1_0
2025-03-23 16:22:28,016 INFO  [stdout] (default task-6) Hibernate: select s1_0.studentID,s1_0.studentAddress,s1_0.studentEmail,s1_0.studentName,s1_0.studentPhone from Students s1_0 where s1_0.studentID=?
2025-03-23 16:22:28,018 INFO  [stdout] (default task-6) Hibernate: select s1_0.studentID,s1_0.studentAddress,s1_0.studentEmail,s1_0.studentName,s1_0.studentPhone from Students s1_0 where s1_0.studentID=?
2025-03-23 16:22:28,021 INFO  [stdout] (default task-6) Student ID from cookie: 4
2025-03-23 16:22:28,022 INFO  [stdout] (default task-6) Hibernate: select a1_0.accountID,a1_0.accountAlias,a1_0.accountBalance,a1_0.studentID from Accounts a1_0 where a1_0.studentID=?
2025-03-23 16:22:28,028 INFO  [stdout] (default task-6) Hibernate: select s1_0.studentID,s1_0.studentAddress,s1_0.studentEmail,s1_0.studentName,s1_0.studentPhone from Students s1_0 where s1_0.studentID=?
2025-03-23 16:22:28,031 INFO  [stdout] (default task-5) Hibernate: select a1_0.accountID,a1_0.accountAlias,a1_0.accountBalance,a1_0.studentID from Accounts a1_0
2025-03-23 16:22:28,031 INFO  [stdout] (default task-3) Hibernate: select a1_0.accountID,a1_0.accountAlias,a1_0.accountBalance,a1_0.studentID from Accounts a1_0
2025-03-23 16:22:28,035 INFO  [stdout] (default task-3) Hibernate: select s1_0.studentID,s1_0.studentAddress,s1_0.studentEmail,s1_0.studentName,s1_0.studentPhone from Students s1_0 where s1_0.studentID=?
2025-03-23 16:22:28,035 INFO  [stdout] (default task-5) Hibernate: select s1_0.studentID,s1_0.studentAddress,s1_0.studentEmail,s1_0.studentName,s1_0.studentPhone from Students s1_0 where s1_0.studentID=?
2025-03-23 16:22:28,038 INFO  [stdout] (default task-3) Hibernate: select s1_0.studentID,s1_0.studentAddress,s1_0.studentEmail,s1_0.studentName,s1_0.studentPhone from Students s1_0 where s1_0.studentID=?
2025-03-23 16:22:28,038 INFO  [stdout] (default task-5) Hibernate: select s1_0.studentID,s1_0.studentAddress,s1_0.studentEmail,s1_0.studentName,s1_0.studentPhone from Students s1_0 where s1_0.studentID=?
2025-03-23 16:22:28,045 INFO  [stdout] (default task-3) Student ID from cookie: 4
2025-03-23 16:22:28,045 INFO  [stdout] (default task-5) Student ID from cookie: 4
2025-03-23 16:22:28,045 INFO  [stdout] (default task-3) Hibernate: select a1_0.accountID,a1_0.accountAlias,a1_0.accountBalance,a1_0.studentID from Accounts a1_0 where a1_0.studentID=?
2025-03-23 16:22:28,045 INFO  [stdout] (default task-5) Hibernate: select a1_0.accountID,a1_0.accountAlias,a1_0.accountBalance,a1_0.studentID from Accounts a1_0 where a1_0.studentID=?
2025-03-23 16:22:28,049 INFO  [stdout] (default task-3) Hibernate: select s1_0.studentID,s1_0.studentAddress,s1_0.studentEmail,s1_0.studentName,s1_0.studentPhone from Students s1_0 where s1_0.studentID=?
2025-03-23 16:22:28,049 INFO  [stdout] (default task-5) Hibernate: select s1_0.studentID,s1_0.studentAddress,s1_0.studentEmail,s1_0.studentName,s1_0.studentPhone from Students s1_0 where s1_0.studentID=?
2025-03-23 16:22:30,456 INFO  [stdout] (default task-5) Hibernate: select a1_0.accountID,a1_0.accountAlias,a1_0.accountBalance,a1_0.studentID from Accounts a1_0
2025-03-23 16:22:30,465 INFO  [stdout] (default task-5) Hibernate: select s1_0.studentID,s1_0.studentAddress,s1_0.studentEmail,s1_0.studentName,s1_0.studentPhone from Students s1_0 where s1_0.studentID=?
2025-03-23 16:22:30,471 INFO  [stdout] (default task-5) Hibernate: select s1_0.studentID,s1_0.studentAddress,s1_0.studentEmail,s1_0.studentName,s1_0.studentPhone from Students s1_0 where s1_0.studentID=?
2025-03-23 16:22:30,489 INFO  [stdout] (default task-5) Hibernate: select a1_0.accountID,a1_0.accountAlias,a1_0.accountBalance,a1_0.studentID from Accounts a1_0
2025-03-23 16:22:30,495 INFO  [stdout] (default task-5) Hibernate: select s1_0.studentID,s1_0.studentAddress,s1_0.studentEmail,s1_0.studentName,s1_0.studentPhone from Students s1_0 where s1_0.studentID=?
2025-03-23 16:22:30,497 INFO  [stdout] (default task-5) Hibernate: select s1_0.studentID,s1_0.studentAddress,s1_0.studentEmail,s1_0.studentName,s1_0.studentPhone from Students s1_0 where s1_0.studentID=?
2025-03-23 16:22:30,506 INFO  [stdout] (default task-5) Hibernate: select a1_0.accountID,a1_0.accountAlias,a1_0.accountBalance,a1_0.studentID from Accounts a1_0
2025-03-23 16:22:30,512 INFO  [stdout] (default task-5) Hibernate: select s1_0.studentID,s1_0.studentAddress,s1_0.studentEmail,s1_0.studentName,s1_0.studentPhone from Students s1_0 where s1_0.studentID=?
2025-03-23 16:22:30,515 INFO  [stdout] (default task-5) Hibernate: select s1_0.studentID,s1_0.studentAddress,s1_0.studentEmail,s1_0.studentName,s1_0.studentPhone from Students s1_0 where s1_0.studentID=?
2025-03-23 16:22:30,516 INFO  [stdout] (default task-3) Hibernate: select a1_0.accountID,a1_0.accountAlias,a1_0.accountBalance,a1_0.studentID from Accounts a1_0
2025-03-23 16:22:30,519 INFO  [stdout] (default task-3) Hibernate: select s1_0.studentID,s1_0.studentAddress,s1_0.studentEmail,s1_0.studentName,s1_0.studentPhone from Students s1_0 where s1_0.studentID=?
2025-03-23 16:22:30,521 INFO  [stdout] (default task-3) Hibernate: select s1_0.studentID,s1_0.studentAddress,s1_0.studentEmail,s1_0.studentName,s1_0.studentPhone from Students s1_0 where s1_0.studentID=?
2025-03-23 16:22:31,507 INFO  [stdout] (default task-3) Hibernate: select a1_0.accountID,a1_0.accountAlias,a1_0.accountBalance,a1_0.studentID from Accounts a1_0
2025-03-23 16:22:31,515 INFO  [stdout] (default task-3) Hibernate: select s1_0.studentID,s1_0.studentAddress,s1_0.studentEmail,s1_0.studentName,s1_0.studentPhone from Students s1_0 where s1_0.studentID=?
2025-03-23 16:22:31,518 INFO  [stdout] (default task-3) Hibernate: select s1_0.studentID,s1_0.studentAddress,s1_0.studentEmail,s1_0.studentName,s1_0.studentPhone from Students s1_0 where s1_0.studentID=?
2025-03-23 16:22:31,533 INFO  [stdout] (default task-3) Hibernate: select a1_0.accountID,a1_0.accountAlias,a1_0.accountBalance,a1_0.studentID from Accounts a1_0
2025-03-23 16:22:31,536 INFO  [stdout] (default task-3) Hibernate: select s1_0.studentID,s1_0.studentAddress,s1_0.studentEmail,s1_0.studentName,s1_0.studentPhone from Students s1_0 where s1_0.studentID=?
2025-03-23 16:22:31,538 INFO  [stdout] (default task-3) Hibernate: select s1_0.studentID,s1_0.studentAddress,s1_0.studentEmail,s1_0.studentName,s1_0.studentPhone from Students s1_0 where s1_0.studentID=?
